Is_Persistently_Absent,Is_Severely_Absent,Percentage_Unauthorised_Absence,sum_exclusion_days,sum_achievement_points,sum_behaviour_points,Pupil_Premium_Indicator,SEN_Status,Current_NC_Year,Gender,Is_CS_Incident
0,0,0.0265,0.0,0,10,1,0,11,0,0
0,0,0.016,0.0,267,0,0,0,10,1,0
0,0,0.0,0.0,0,0,0,0,13,0,0
0,0,0.0,0.0,0,6,1,0,9,0,0
1,0,0.0027,0.0,674,0,1,0,9,0,1
0,0,0.0355,0.0,0,1,1,0,9,0,0
0,0,0.0,0.0,188,0,0,0,9,1,0
1,0,0.0214,0.0,656,0,0,0,11,1,0
0,0,0.0057,0.0,0,3,0,0,13,0,0
0,0,0.0,0.0,0,0,0,0,8,0,0
0,0,0.0,0.0,0,14,0,0,12,0,0
0,0,0.0027,0.0,0,15,1,0,10,0,1
0,0,0.0107,0.0,461,12,1,0,9,0,1
0,0,0.0,0.0,246,2,0,0,8,0,0
0,0,0.0053,0.0,362,0,1,0,10,0,0
0,0,0.0027,0.0,707,10,1,0,9,0,1
0,0,0.0,0.0,0,0,1,0,11,0,0
0,0,0.0,0.0,504,0,0,0,9,0,0
0,0,0.0,0.0,0,1,0,0,9,0,0
0,0,0.0,0.0,92,0,1,1,11,1,0
0,0,0.0,0.0,0,6,0,0,9,0,0
0,0,0.0239,0.0,0,1,0,0,10,0,0
0,0,0.0213,0.0,0,0,0,0,9,0,0
0,0,0.0,0.0,45,0,0,0,13,0,0
0,0,0.0053,0.0,741,0,0,0,10,0,0
0,0,0.0,0.0,198,4,0,0,8,1,0
0,0,0.0,0.0,0,0,0,0,11,0,0
0,0,0.0267,0.0,351,117,0,0,8,0,0
0,0,0.0,0.0,0,8,0,0,10,0,0
0,0,0.0,0.0,565,589,1,0,10,1,1
0,0,0.0,0.0,143,0,0,0,11,0,0
1,0,0.0423,0.0,0,49,1,0,11,0,1
0,0,0.0,0.0,222,2,0,0,8,0,0
0,0,0.008,0.0,0,1,0,0,9,0,0
0,0,0.0,0.0,533,1,0,0,9,1,0
0,0,0.0,0.0,0,1,0,1,10,0,1
0,0,0.0239,0.0,300,19,1,0,8,1,0
0,0,0.0107,0.0,313,52,0,0,10,0,0
0,0,0.0053,0.0,0,1,1,0,9,0,0
0,0,0.0,0.0,0,2,0,0,11,0,0
0,0,0.0053,0.0,416,39,0,0,10,1,1
0,0,0.0106,0.0,0,7,0,0,9,0,0
0,0,0.0,0.0,207,56,0,0,9,1,0
0,0,0.0053,0.0,434,0,1,0,8,0,0
0,0,0.0026,0.0,0,1,1,0,11,0,0
0,0,0.0027,0.0,687,0,0,0,11,0,0
0,0,0.0,0.0,495,0,0,1,11,1,0
0,0,0.0,0.0,0,5,0,0,12,0,0
1,0,0.1283,0.0,155,121,0,0,11,0,0
0,0,0.0374,4.0,361,70,1,1,11,0,1
0,0,0.0214,2.0,520,66,1,1,9,1,1
1,0,0.0214,0.0,313,21,1,0,9,1,0
0,0,0.0,0.0,306,10,0,0,8,1,0
0,0,0.0,0.0,69,0,0,0,11,1,0
1,0,0.1613,0.0,392,379,1,0,10,1,1
0,0,0.0,2.5,0,24,0,0,10,0,1
1,0,0.0957,0.0,175,13,0,0,11,1,1
0,0,0.0428,0.0,426,13,1,0,9,1,1
0,0,0.0,0.0,233,0,0,0,8,1,0
0,0,0.0,0.0,479,0,1,0,8,0,0
0,0,0.0027,5.0,258,23,1,1,8,1,1
0,0,0.0,0.0,0,3,0,0,9,0,0
0,0,0.0423,0.0,0,71,1,0,11,0,1
0,0,0.0054,0.0,307,22,0,0,13,1,0
0,0,0.0175,0.0,298,15,1,0,9,0,1
0,0,0.0,0.0,559,1,1,1,9,0,1
0,0,0.0,0.0,147,9,0,0,11,1,0
1,0,0.0239,13.0,0,26,1,0,9,0,1
0,0,0.0053,0.0,0,1,1,0,8,0,0
0,0,0.0,0.0,0,0,0,0,12,0,0
0,0,0.0,0.0,0,4,1,0,12,0,0
0,0,0.0,0.0,254,3,0,0,8,0,0
1,0,0.0055,0.0,802,0,1,0,12,0,0
0,0,0.0053,6.0,450,25,0,0,9,1,0
0,0,0.0053,0.0,752,9,0,0,10,1,0
0,0,0.0058,0.0,681,0,0,0,12,0,0
0,0,0.0164,0.0,69,1,0,0,13,1,0
0,0,0.0214,0.0,650,1,0,0,11,1,0
0,0,0.0,0.0,377,1,0,0,12,1,0
0,0,0.0,0.0,755,1,0,0,12,1,0
1,0,0.4091,0.0,234,451,1,1,11,1,1
0,0,0.0266,0.0,188,133,0,0,8,1,1
1,0,0.0695,8.0,146,106,0,0,11,1,1
0,0,0.0,0.0,0,3,1,0,11,0,0
0,0,0.0053,0.0,312,19,1,0,8,0,0
0,0,0.0168,0.0,416,16,0,0,9,1,0
0,0,0.0,0.0,653,11,0,0,9,0,0
0,0,0.0187,4.0,122,299,0,2,11,0,1
0,0,0.0,0.0,0,4,1,0,9,0,0
0,0,0.0,0.0,395,76,0,0,11,1,0
0,0,0.0,0.0,452,9,0,0,10,0,1
0,0,0.0106,0.0,206,9,1,0,8,0,0
0,0,0.0164,0.0,46,11,0,0,13,1,0
0,0,0.0,0.0,439,29,1,1,9,1,1
0,0,0.0029,3.0,408,7,0,0,12,1,1
0,0,0.0,0.0,119,0,0,0,12,0,0
0,0,0.0,0.0,0,0,1,0,9,0,0
0,0,0.0,0.0,532,0,0,0,12,0,0
0,0,0.0,0.0,0,0,0,1,10,0,0
0,0,0.0426,0.0,210,15,0,1,8,0,0
1,0,0.3021,6.5,162,555,0,0,10,0,1
0,0,0.0172,0.0,330,155,0,0,9,1,0
0,0,0.0,2.0,0,13,0,0,10,0,0
0,0,0.0053,0.0,0,7,1,0,9,0,0
0,0,0.008,0.0,0,1,0,0,13,0,0
0,0,0.0,0.0,38,1,0,0,13,1,0
0,0,0.0214,0.0,281,20,0,0,10,1,0
0,0,0.0,0.0,584,1,0,0,10,0,0
1,0,0.0319,0.0,171,127,1,1,8,1,0
1,0,0.0133,1.0,0,23,0,0,10,0,0
1,0,0.0428,1.0,460,69,0,1,10,1,1
0,0,0.0,0.0,413,0,0,0,10,0,0
0,0,0.0505,0.0,0,6,1,1,9,0,1
0,0,0.0107,0.0,183,14,1,0,11,1,1
0,0,0.0,0.0,710,1,0,0,9,0,0
0,0,0.0,0.0,589,0,0,0,8,0,0
0,0,0.016,0.0,725,1,0,0,9,1,0
0,0,0.0,0.0,0,0,0,0,10,0,0
0,0,0.0053,0.0,0,6,1,0,11,0,0
0,0,0.0053,0.0,284,0,0,0,8,0,0
0,0,0.0,0.0,818,0,0,0,9,0,0
0,0,0.0,0.0,213,0,0,0,8,1,0
0,0,0.0,0.0,0,0,0,0,9,0,1
0,0,0.0,0.0,673,0,0,0,9,1,0
0,0,0.0,0.0,604,1,0,0,9,0,0
0,0,0.0,0.0,0,8,1,0,10,0,0
0,0,0.0053,0.0,221,1,0,0,8,1,0
1,0,0.0055,0.0,2,39,0,0,13,1,1
1,0,0.1011,0.0,0,10,0,0,10,0,0
0,0,0.0053,0.0,0,8,0,0,8,0,0
1,0,0.1551,0.0,529,42,0,0,10,0,0
0,0,0.0,0.0,0,11,0,0,9,0,0
0,0,0.0053,0.0,418,18,0,0,8,0,0
0,0,0.0,0.0,0,1,0,0,10,0,0
0,0,0.0,0.0,0,10,0,0,9,0,0
0,0,0.0053,0.0,390,0,1,0,9,0,0
0,0,0.0,0.0,0,4,0,0,10,0,0
1,0,0.0146,8.0,0,119,1,0,8,0,0
0,0,0.0027,0.0,477,0,0,0,9,0,0
1,0,0.123,0.0,398,14,1,1,11,0,1
0,0,0.0027,0.0,123,0,1,0,11,1,0
0,0,0.0,0.0,0,1,0,0,8,0,0
0,0,0.0106,0.0,0,1,0,0,10,0,0
1,1,0.4866,16.0,74,58,1,2,11,0,1
0,0,0.0401,0.0,354,22,1,0,10,0,1
0,0,0.0374,0.0,497,19,0,0,10,1,0
0,0,0.0107,10.0,503,155,0,1,10,1,1
0,0,0.0,0.0,0,0,0,0,9,0,0
0,0,0.0053,0.0,0,6,1,0,8,0,0
0,0,0.0638,0.0,0,0,0,0,9,0,0
1,0,0.1257,0.0,123,93,1,0,11,0,1
0,0,0.0374,0.0,393,14,0,0,11,0,0
1,0,0.0348,3.0,393,88,0,0,9,1,0
0,0,0.0107,0.0,316,65,1,1,9,1,1
0,0,0.0,0.0,541,0,0,0,10,1,0
0,0,0.0,0.0,467,0,0,0,8,0,0
0,0,0.0053,0.0,0,9,0,0,8,0,0
0,0,0.0027,0.0,390,0,1,0,8,0,0
0,0,0.0106,0.0,0,9,1,0,11,0,1
0,0,0.0,0.0,770,19,0,0,10,1,0
1,0,0.0642,4.5,518,57,1,0,11,1,1
0,0,0.0241,1.0,417,57,1,1,10,1,1
0,0,0.0,0.0,433,1,0,0,11,0,0
0,0,0.0,0.0,225,0,0,0,8,0,0
0,0,0.008,0.0,163,13,1,0,8,0,0
0,0,0.0,0.0,177,0,0,1,8,1,0
0,0,0.0,0.0,614,0,1,2,11,1,0
0,0,0.0417,0.0,0,0,0,0,8,0,0
0,0,0.0058,0.0,0,2,0,0,12,0,0
0,0,0.016,0.0,0,3,1,0,9,0,1
0,0,0.0133,2.0,233,15,1,0,8,0,0
1,0,0.2513,0.0,105,193,1,0,11,0,1
0,0,0.0,0.0,207,0,0,0,10,1,0
0,0,0.0294,0.0,170,70,0,0,11,1,1
0,0,0.0053,2.0,0,3,0,0,8,0,0
0,0,0.0,0.0,0,5,0,0,10,0,1
0,0,0.0135,0.0,22,68,0,0,12,0,0
0,0,0.0106,0.0,336,10,0,0,8,0,0
0,0,0.0,0.0,0,5,1,2,11,0,0
0,0,0.0,0.0,180,0,1,0,8,0,0
1,0,0.1022,7.5,258,519,1,0,10,1,1
1,0,0.0423,1.5,0,104,1,1,11,0,1
0,0,0.0,3.0,295,50,0,0,8,1,1
0,0,0.0,0.0,0,7,1,0,11,0,0
0,0,0.0266,0.0,0,24,1,1,9,0,0
0,0,0.0,0.0,257,0,0,0,8,0,0
0,0,0.0107,0.0,159,107,0,0,10,1,0
0,0,0.0,0.0,151,0,1,0,10,0,0
0,0,0.0802,0.0,249,23,1,0,10,0,1
0,0,0.016,0.0,0,0,1,0,9,0,0
0,0,0.0027,2.0,612,13,0,0,11,1,0
0,0,0.0,0.0,238,0,0,0,8,0,1
1,0,0.3449,7.5,221,329,1,1,10,0,1
0,0,0.0053,0.0,178,5,1,0,8,0,0
0,0,0.0,0.0,0,2,1,0,11,0,0
0,0,0.0,0.0,377,9,0,0,8,1,1
0,0,0.0108,0.0,650,28,0,0,9,1,0
0,0,0.0175,0.0,0,0,0,0,9,1,1
0,0,0.0526,0.0,0,8,0,0,8,0,0
0,0,0.0441,0.0,25,21,0,0,13,0,0
0,0,0.0,0.0,269,9,0,0,8,0,0
1,0,0.0749,23.5,323,132,1,0,11,1,1
0,0,0.0,0.0,143,10,0,0,12,0,0
0,0,0.0133,2.0,0,2,1,0,9,0,1
0,0,0.016,0.0,0,0,1,0,10,0,1
0,0,0.0,0.0,0,1,0,0,11,0,0
1,0,0.0079,1.0,0,35,1,0,8,0,0
0,0,0.0053,0.0,197,0,0,0,11,1,0
0,0,0.0107,0.0,438,12,1,1,9,0,1
0,0,0.0,0.0,192,9,0,0,10,1,0
0,0,0.0,0.0,151,0,0,0,8,0,0
0,0,0.0,0.0,625,0,0,1,9,0,1
0,0,0.0027,0.0,240,0,0,0,11,0,1
0,0,0.0219,0.0,13,45,0,0,13,1,1
0,0,0.0,0.0,0,1,1,1,11,0,1
0,0,0.0107,0.0,709,22,0,0,9,0,1
1,1,0.0,0.0,0,0,1,2,10,0,1
0,0,0.0027,0.0,45,0,0,0,13,0,0
0,0,0.0,0.0,0,5,1,0,8,0,0
0,0,0.0107,0.0,468,11,1,0,11,0,0
0,0,0.0,0.0,0,3,1,0,8,0,0
0,0,0.0132,0.0,0,7,1,0,11,0,1
0,0,0.0,0.0,0,2,0,0,10,0,0
0,0,0.0027,0.0,523,217,1,0,11,1,0
0,0,0.0027,0.0,0,6,0,0,9,0,1
0,0,0.0,0.0,0,1,1,0,9,0,0
1,0,0.0722,0.0,151,104,1,0,11,1,1
0,0,0.0213,8.5,0,29,0,0,9,0,1
0,0,0.008,2.0,171,110,0,0,11,1,0
0,0,0.0053,0.0,608,8,0,0,9,1,0
0,0,0.011,0.0,89,0,0,0,13,1,0
0,0,0.0059,0.0,310,1,1,0,8,0,0
0,0,0.0,0.0,319,0,0,0,10,0,0
0,0,0.016,0.0,0,3,1,0,9,0,0
0,0,0.0,0.0,251,0,0,0,8,0,0
0,0,0.0107,0.0,425,228,0,0,10,0,1
0,0,0.0106,0.0,452,1,0,0,8,0,0
0,0,0.0,0.0,197,1,0,0,8,1,1
0,0,0.0272,0.0,164,0,0,0,11,0,0
0,0,0.0,0.0,538,0,0,0,10,1,0
0,0,0.0321,0.0,171,8,0,0,11,0,1
0,0,0.0,0.0,120,0,0,0,11,0,0
0,0,0.0,0.0,611,3,0,0,10,1,0
0,0,0.0267,0.0,482,0,1,0,10,0,1
0,0,0.008,0.0,917,0,0,0,11,0,1
0,0,0.0053,0.0,0,12,0,0,11,0,0
0,0,0.0027,0.0,240,9,1,0,11,1,0
0,0,0.0053,0.0,321,49,1,0,8,0,0
0,0,0.0,0.0,0,2,0,0,8,0,0
0,0,0.015,3.0,152,12,0,0,8,0,0
0,0,0.0,0.0,494,1,0,0,12,0,0
0,0,0.0,0.0,521,0,0,0,10,1,0
0,0,0.0267,0.0,395,0,1,0,11,0,0
0,0,0.0,0.0,0,5,0,0,8,0,0
1,0,0.0401,0.0,719,18,1,0,10,1,0
0,0,0.0053,1.0,187,77,1,1,11,1,1
0,0,0.0106,0.0,159,0,1,0,8,1,0
0,0,0.0053,7.0,0,34,0,0,11,0,1
0,0,0.0063,0.0,306,7,1,0,8,0,0
0,0,0.0,0.0,0,2,0,0,12,0,0
0,0,0.0,0.0,175,6,0,0,9,1,0
0,0,0.0053,0.0,615,0,0,0,11,1,0
0,0,0.0,0.0,0,0,0,0,9,1,0
0,0,0.043,0.0,351,12,1,0,10,1,0
0,0,0.0642,0.0,507,58,0,1,10,0,0
0,0,0.0108,0.0,592,9,0,0,11,1,0
0,0,0.0,0.0,77,0,0,0,12,1,0
0,0,0.0134,0.0,252,140,0,0,11,1,0
0,0,0.0053,0.0,594,19,0,0,10,1,0
0,0,0.0053,0.0,446,36,0,0,10,1,0
0,0,0.0,0.0,219,163,1,1,8,1,1
0,0,0.0,0.0,851,2,1,0,10,1,1
0,0,0.0,0.0,513,47,0,0,9,0,0
0,0,0.0,0.0,0,2,0,0,9,0,0
0,0,0.0026,0.0,0,3,0,0,11,0,1
0,0,0.0053,0.0,697,30,1,1,10,1,0
1,0,0.016,0.0,508,152,1,0,10,1,1
0,0,0.0054,0.0,543,0,0,0,9,1,0
0,0,0.0,0.0,0,11,1,0,8,0,0
1,0,0.0957,0.0,0,6,0,1,9,0,1
0,0,0.0585,0.0,0,0,0,1,10,0,0
0,0,0.0053,1.0,0,30,0,0,11,0,1
0,0,0.0559,0.0,149,19,1,0,8,1,0
0,0,0.008,0.0,224,10,0,0,8,0,0
0,0,0.016,0.0,434,13,0,2,8,1,0
0,0,0.0211,0.0,0,12,1,0,8,0,0
0,0,0.0,0.0,613,4,0,0,12,0,0
0,0,0.0,1.0,0,6,0,0,11,0,0
0,0,0.0,0.0,0,1,1,0,8,0,0
0,0,0.0,0.0,0,7,0,0,11,0,0
0,0,0.0,0.0,173,15,0,0,8,1,0
0,0,0.0,0.0,180,1,0,0,10,0,0
0,0,0.0294,0.0,243,44,0,0,11,1,1
0,0,0.0213,0.0,207,0,1,0,8,0,0
0,0,0.0,0.0,290,0,0,0,8,1,0
0,0,0.0027,0.0,381,0,0,0,11,1,0
0,0,0.0053,0.0,648,9,0,0,9,1,0
1,0,0.0231,0.0,368,13,0,0,12,0,0
1,0,0.0,0.0,557,12,0,0,12,0,0
0,0,0.0053,0.0,221,86,1,0,8,1,0
0,0,0.019,0.0,0,14,0,0,10,0,1
1,0,0.0291,0.0,0,10,0,0,11,0,1
0,0,0.008,0.0,266,0,0,0,8,1,0
0,0,0.0,0.0,213,1,0,0,8,0,0
0,0,0.0053,0.0,0,13,0,0,11,0,0
0,0,0.0,0.0,0,12,1,1,10,0,1
0,0,0.0,0.0,692,0,1,0,9,1,0
0,0,0.0179,0.0,186,193,0,0,9,1,0
0,0,0.0,0.0,55,1,0,0,13,1,0
1,0,0.0829,17.0,154,231,1,0,11,1,1
1,1,0.6765,0.0,0,0,1,0,10,0,1
0,0,0.0294,0.0,0,0,0,0,12,0,0
0,0,0.0535,1.0,769,2,1,0,9,1,1
0,0,0.0,0.0,0,11,0,0,10,0,0
0,0,0.0,0.0,340,113,1,1,10,1,0
0,0,0.0,0.0,431,9,0,0,9,1,0
0,0,0.0244,0.0,177,71,0,0,10,0,0
1,0,0.0349,0.0,53,92,0,0,13,0,1
1,0,0.0904,0.0,0,1,0,0,13,0,0
1,0,0.2059,0.0,294,0,0,0,8,0,0
0,0,0.0027,0.0,0,2,1,0,10,0,1
0,0,0.0053,0.0,876,1,0,0,11,1,0
0,0,0.0374,5.0,125,1,0,0,11,1,1
0,0,0.0,0.0,447,0,0,0,8,0,0
0,0,0.0,0.0,0,5,0,0,9,0,0
0,0,0.0053,2.0,384,62,0,0,9,1,1
1,0,0.0323,14.0,247,438,1,1,10,1,1
0,0,0.0,0.0,503,0,1,0,10,1,1
0,0,0.0,0.0,682,12,0,0,9,1,0
0,0,0.0188,0.0,119,47,0,0,11,0,0
0,0,0.0508,1.5,202,75,0,0,11,1,1
0,0,0.0027,0.0,0,19,0,0,10,0,1
0,0,0.0,0.0,403,38,0,0,9,0,0
0,0,0.0,0.0,0,2,1,0,9,0,0
0,0,0.0,0.0,0,1,1,0,10,0,0
0,0,0.0,0.0,0,0,1,0,8,0,0
1,0,0.2169,20.0,0,54,1,0,11,0,1
0,0,0.0,0.0,596,0,0,0,10,1,0
0,0,0.0238,0.0,0,2,0,0,13,0,0
1,0,0.0,0.0,518,20,0,0,12,1,0
0,0,0.0,0.0,690,2,0,0,12,0,0
0,0,0.0107,3.0,315,52,0,0,11,0,0
0,0,0.0055,0.0,256,104,0,0,10,0,0
0,0,0.0,0.0,0,1,1,0,12,0,0
0,0,0.0,0.0,201,0,0,0,8,1,0
0,0,0.0035,0.0,0,5,0,0,8,0,0
1,0,0.0214,0.0,222,12,0,0,8,1,0
0,0,0.0054,0.0,249,49,0,0,11,0,0
0,0,0.0,0.0,495,1,1,1,8,0,0
0,0,0.0,0.0,118,10,0,0,10,1,0
0,0,0.008,0.0,305,61,1,0,8,0,1
0,0,0.0,0.0,466,0,0,0,9,1,0
1,0,0.0615,6.0,183,352,0,0,11,0,1
0,0,0.0,0.0,0,28,1,0,8,0,0
0,0,0.008,0.0,140,0,0,1,11,1,0
0,0,0.016,0.0,569,9,1,2,10,1,1
0,0,0.0027,0.0,573,1,1,0,9,0,0
0,0,0.0,0.0,157,28,0,0,11,1,0
0,0,0.016,9.0,180,44,0,0,11,1,0
0,0,0.016,0.0,248,6,1,0,8,1,0
0,0,0.0868,4.0,0,40,1,1,8,0,1
0,0,0.0526,0.0,0,12,1,0,8,0,0
0,0,0.0087,0.0,0,0,1,0,11,0,0
1,0,0.0971,0.0,0,0,0,0,11,0,0
1,0,0.05,0.0,0,0,0,0,7,0,0
0,0,0.013,0.0,0,0,0,0,13,0,0
0,0,0.0087,0.0,0,0,0,0,11,0,0
1,0,0.0197,0.0,0,0,0,0,11,1,0
1,1,0.3548,0.0,0,0,0,1,10,0,0
0,0,0.0058,0.0,0,0,0,0,11,1,0
0,0,0.025,0.0,0,0,0,0,8,0,0
1,0,0.0723,0.0,0,0,0,0,11,1,0
1,0,0.0,0.0,0,0,0,0,11,0,0
1,0,0.1185,0.0,0,0,0,0,11,1,0
0,0,0.0109,0.0,0,0,0,0,12,1,0
1,1,0.6532,0.0,0,0,1,0,9,1,0
1,1,0.0,0.0,0,0,0,1,10,0,0
0,0,0.0,0.0,566,20,0,0,10,0,0
1,0,0.2513,0.0,0,0,1,0,9,0,0
1,0,0.0,0.0,0,0,0,1,11,0,0
1,0,0.2895,0.0,0,0,0,0,8,1,0
1,0,0.0419,0.0,0,0,0,0,11,0,0
0,0,0.0129,0.0,0,0,0,0,13,0,0
1,0,0.0453,0.0,0,0,0,0,13,0,0
1,0,0.0769,0.0,0,0,0,2,10,1,0
1,0,0.0395,0.0,0,0,0,0,9,0,0
1,0,0.0224,0.0,0,0,0,0,12,0,0
1,0,0.0058,0.0,0,0,1,0,11,0,0
1,1,1.0,0.0,0,0,1,0,10,1,0
1,0,0.0087,0.0,0,0,1,0,11,1,0
0,0,0.0261,0.0,0,0,0,0,13,1,0
0,0,0.0031,0.0,0,0,1,0,8,1,0
1,0,0.0374,0.0,0,0,0,0,11,1,0
0,0,0.0087,0.0,0,0,0,0,11,1,0
0,0,0.0141,0.0,0,0,0,0,7,0,0
1,0,0.0116,0.0,0,0,0,0,11,1,0
0,0,0.0106,0.0,0,0,1,0,8,1,0
1,0,0.0,0.0,0,0,1,0,11,1,0
0,0,0.0029,0.0,0,0,0,0,11,1,0
1,0,0.0116,0.0,0,0,0,0,11,0,0
1,0,0.1387,0.0,0,0,1,1,11,0,0
1,1,0.3966,0.0,0,0,0,1,7,0,0
1,0,0.0491,0.0,0,0,0,0,11,0,0
0,0,0.0029,0.0,0,0,0,0,11,0,0
1,0,0.0088,0.0,0,0,0,1,11,0,0
1,0,0.0107,0.0,384,20,0,0,9,1,0
1,0,0.0318,0.0,0,0,1,0,11,1,0
1,0,0.0303,0.0,0,0,0,0,11,1,0
1,0,0.0471,0.0,0,0,0,0,11,0,0
0,0,0.0125,0.0,0,0,0,0,10,0,0
1,0,0.0235,0.0,0,0,0,0,11,0,0
1,0,0.1154,0.0,0,0,1,0,10,0,0
1,0,0.4545,0.0,0,0,1,0,8,0,0
1,0,0.198,0.0,0,0,0,0,13,1,0
1,1,0.4278,0.0,0,0,0,0,10,1,0
1,0,0.0029,0.0,0,0,1,0,11,0,0
0,0,0.0,0.0,0,0,0,1,11,1,0
0,0,0.0,0.0,0,0,0,0,11,1,0
1,0,0.0757,0.0,0,0,0,0,13,1,0
0,0,0.0357,0.0,0,0,0,0,13,1,0
0,0,0.0489,0.0,0,0,0,0,13,1,0
1,1,0.9732,0.0,0,0,1,0,11,0,0
1,0,0.0029,0.0,0,0,0,0,11,0,0
0,0,0.0029,0.0,0,0,0,1,11,0,0
0,0,0.0,0.0,243,2,0,0,8,0,1
0,0,0.75,0.0,0,0,0,1,9,0,0
1,0,0.3565,0.0,0,0,0,1,11,0,0
0,0,0.0196,0.0,0,0,0,0,10,0,0
0,0,0.0063,0.0,0,0,0,0,13,1,0
1,0,0.0,0.0,0,0,0,0,13,0,0
1,0,0.0588,0.0,0,0,0,0,10,0,0
1,0,0.0,0.0,0,0,0,0,7,0,0
1,0,0.0993,0.0,0,0,0,0,13,0,0
1,1,0.0385,0.0,0,0,0,0,11,0,0
0,0,0.0034,0.0,0,0,0,0,10,0,0
1,0,0.0231,0.0,0,0,0,0,11,0,0
0,0,0.0,0.0,304,152,0,0,10,1,0
1,0,0.0059,0.0,0,0,0,0,11,0,0
0,0,0.0,0.0,0,0,0,1,11,0,0
0,0,0.0347,0.0,0,0,0,0,11,0,0
0,0,0.0,0.0,518,2,0,0,10,0,0
1,0,0.0118,0.0,0,0,0,0,11,0,0
0,0,0.0,0.0,0,0,0,0,13,1,0
0,0,0.0106,0.0,0,0,0,0,8,0,0
1,1,0.2647,0.0,0,0,0,0,8,0,0
1,0,0.2143,0.0,0,0,0,0,8,0,0
1,0,0.0145,0.0,0,0,1,1,11,1,0
1,0,0.0,0.0,0,0,1,0,11,0,0
1,0,0.2174,0.0,0,0,1,0,11,1,0
1,0,0.0925,0.0,0,0,1,1,11,1,0
0,0,0.0652,0.0,0,0,0,0,12,0,0
0,0,0.024,0.0,0,0,0,0,12,0,0
1,0,0.2333,0.0,0,0,0,0,8,0,0
0,0,0.0594,0.0,0,0,0,0,13,1,0
1,0,0.0588,0.0,0,0,0,0,11,0,0
1,0,0.0462,0.0,0,0,0,1,11,1,0
0,0,0.0058,0.0,0,0,0,0,11,0,0
1,0,0.0882,0.0,0,0,0,0,12,0,0
1,1,0.8922,0.0,0,0,1,0,9,0,0
1,0,0.1,0.0,0,0,0,0,9,1,0
1,0,0.02,0.0,0,0,1,0,9,1,0
1,0,0.026,0.0,0,0,0,0,11,1,0
0,0,0.0,0.0,0,0,0,0,7,1,0
1,0,0.1452,0.0,0,0,1,0,8,0,0
1,1,0.6222,0.0,0,0,1,1,9,0,0
1,0,0.0487,0.0,0,0,0,0,13,0,0
1,0,0.0202,0.0,0,0,1,0,11,1,0
1,0,0.0912,0.0,0,0,1,0,8,0,0
0,0,0.008,0.0,0,0,0,0,9,0,0
1,1,1.0,0.0,0,0,0,0,8,0,0
0,0,0.0,0.0,0,0,1,1,11,0,0
1,0,0.054,0.0,0,0,1,0,10,0,0
1,1,0.5882,0.0,0,0,0,0,9,0,0
0,0,0.0202,0.0,0,0,0,0,11,1,0
1,0,0.2031,0.0,0,0,0,0,10,0,0
0,0,0.0133,0.0,201,0,1,0,8,0,1
1,0,0.0909,0.0,0,0,0,1,9,0,0
1,0,0.4231,0.0,0,0,0,1,8,1,0
1,1,1.0,0.0,0,0,0,2,9,0,0
1,0,0.1404,0.0,86,20,0,1,8,0,0
1,0,0.081,0.0,0,0,0,0,12,1,0
1,0,0.1559,0.0,0,0,0,0,11,0,0
1,1,0.0,0.0,0,0,0,0,11,0,0
1,0,0.2941,0.0,0,0,1,0,10,0,0
0,0,0.0475,0.0,0,0,0,1,13,0,0
1,0,0.1003,0.0,0,0,0,0,13,0,0
0,0,0.0286,0.0,0,0,0,0,7,0,0
1,0,0.0342,0.0,0,0,0,0,10,0,0
1,0,0.1389,0.0,0,0,0,0,8,0,0
0,0,0.0053,0.0,0,0,1,0,10,0,0
1,1,0.0125,0.0,0,0,1,1,11,0,0
0,0,0.0202,0.0,0,0,1,0,11,1,0
0,0,0.0333,0.0,0,0,0,0,9,1,0
0,0,0.0461,0.0,0,0,0,0,7,1,0
0,0,0.0046,0.0,0,0,0,0,11,1,0
1,0,0.0058,0.0,0,0,1,0,11,1,0
1,0,0.0265,0.0,0,0,0,0,11,0,0
0,0,0.0,0.0,0,0,0,0,8,1,0
1,0,0.0,0.0,0,0,0,0,9,0,0
0,0,0.0,0.0,0,0,1,0,7,1,0
1,0,0.0176,0.0,0,0,0,1,11,0,0
1,0,0.0374,0.0,0,0,0,1,10,1,0
1,0,0.0065,0.0,0,0,0,0,11,0,0
1,0,0.0741,0.0,0,0,1,0,9,0,0
1,1,1.0,0.0,0,0,0,0,9,1,0
1,0,0.3028,0.0,0,0,0,0,8,0,0
0,0,0.0231,0.0,0,0,1,0,11,1,0
1,1,0.08,0.0,0,0,0,0,11,0,0
0,0,0.0059,0.0,0,0,0,0,11,0,0
1,0,0.2312,0.0,0,0,1,0,11,1,0
0,0,0.0058,0.0,0,0,0,1,11,1,0
1,0,0.3853,0.0,0,0,0,0,11,0,0
0,0,0.0382,0.0,0,0,0,0,13,1,0
0,0,0.008,0.0,0,0,0,0,9,1,0
1,0,0.0289,0.0,0,0,1,1,11,1,0
0,0,0.0054,0.0,0,0,0,0,13,0,0
1,1,0.1971,0.0,0,0,0,0,11,0,0
0,0,0.0163,0.0,0,0,0,0,13,1,0
0,0,0.026,0.0,0,0,1,1,11,0,0
1,0,0.0,0.0,0,0,1,0,9,0,0
0,0,0.125,0.0,0,0,0,1,8,1,0
0,0,0.0068,0.0,0,0,0,0,13,0,0
0,0,0.0198,0.0,0,0,0,0,7,1,0
1,0,0.1206,0.0,0,0,0,0,11,0,0
1,0,0.1366,0.0,0,0,0,0,11,1,0
1,0,0.0578,0.0,0,0,1,0,11,1,0
1,0,0.0491,0.0,0,0,0,1,11,1,0
0,0,0.0,0.0,0,0,0,0,10,1,0
0,0,0.0,0.0,0,0,0,1,7,1,0
0,0,0.0,0.0,0,0,1,0,8,1,0
1,0,0.0313,0.0,0,0,0,0,13,0,0
0,0,0.0272,0.0,0,0,0,1,8,0,0
1,1,0.4855,0.0,0,0,0,0,11,0,0
0,0,0.0116,0.0,0,0,0,0,11,1,0
0,0,0.0118,0.0,0,0,0,0,8,0,0
1,0,0.1226,0.0,0,0,0,0,12,0,0
1,0,0.0523,0.0,0,0,0,0,13,0,0
1,1,0.4365,0.0,0,0,0,0,10,0,0
0,0,0.0,0.0,0,0,0,1,13,0,0
1,0,0.0029,0.0,0,0,0,1,11,1,0
1,0,0.125,0.0,0,0,0,0,13,1,0
1,0,0.0058,0.0,0,0,0,0,11,1,0
1,0,0.2617,0.0,0,0,1,0,10,0,0
0,0,0.0,0.0,484,0,1,0,8,0,1
1,0,0.2774,0.0,0,0,1,0,9,1,0
1,0,0.0087,0.0,0,0,0,0,11,0,0
1,1,0.4509,0.0,0,0,0,0,11,0,0
1,0,0.3534,0.0,0,0,1,1,8,0,0
1,0,0.2614,0.0,0,0,0,0,13,1,0
1,0,0.1098,0.0,0,0,0,0,11,1,0
1,0,0.0444,0.0,0,0,0,0,10,0,0
1,0,0.0263,0.0,0,0,0,0,10,0,0
1,0,0.3993,0.0,0,0,0,0,10,0,0
1,0,0.1585,0.0,0,0,0,0,9,0,0
1,0,0.101,0.0,0,0,0,0,13,0,0
1,0,0.0902,0.0,0,0,1,1,9,0,0
1,0,0.1019,0.0,0,0,0,0,8,0,0
1,0,0.1894,0.0,0,0,0,0,13,0,0
0,0,0.0058,0.0,0,0,1,0,11,0,0
1,1,1.0,0.0,0,0,1,1,8,1,0
1,0,0.2547,0.0,0,0,1,1,7,1,0
1,0,0.0875,0.0,0,0,0,0,10,1,0
0,0,0.25,0.0,0,0,0,0,9,0,0
1,1,0.1481,0.0,0,0,1,1,8,1,0
1,0,0.0607,0.0,0,0,0,0,11,0,0
0,0,0.0197,0.0,0,0,0,0,10,1,0
1,0,0.05,0.0,0,0,0,0,11,0,0
1,0,0.075,0.0,0,0,0,1,9,1,0
1,0,0.0227,0.0,0,0,0,0,13,0,0
1,0,0.0053,0.0,0,0,0,2,8,1,0
0,0,0.0,0.0,0,0,0,0,7,0,0
1,0,0.0434,0.0,0,0,0,0,11,0,0
1,0,0.1503,0.0,0,0,0,0,13,0,0
0,0,0.0,0.0,0,0,1,0,11,1,0
0,0,0.0027,0.0,0,0,0,0,9,0,0
0,0,0.006,0.0,0,0,0,0,8,0,0
0,0,0.0,0.0,0,0,0,0,12,1,0
1,1,0.4559,0.0,0,0,0,1,12,0,0
0,0,0.0263,0.0,0,0,0,0,7,1,0
1,0,0.0375,0.0,0,0,0,0,10,0,0
1,1,0.3699,0.0,0,0,1,1,11,1,0
1,0,0.0088,0.0,0,0,0,0,11,0,0
0,0,0.0214,0.0,0,0,0,0,9,0,0
1,0,0.0,0.0,0,0,1,2,11,1,0
0,0,0.008,0.0,0,0,1,2,7,0,0
0,0,0.026,0.0,0,0,0,0,13,1,0
1,0,0.1853,0.0,0,0,0,0,12,0,0
1,0,0.1022,0.0,0,0,0,0,13,0,0
1,0,0.0176,0.0,0,0,0,0,11,0,0
1,0,0.0797,0.0,0,0,0,0,11,1,0
0,0,0.031,0.0,0,0,0,1,9,0,0
1,0,0.026,0.0,0,0,0,0,11,0,0
0,0,0.0769,0.0,0,0,0,1,9,0,0
1,0,0.0,0.0,0,0,0,0,11,1,0
0,0,0.0144,0.0,0,0,0,0,13,0,0
1,1,0.0667,0.0,0,0,0,0,8,0,0
1,0,0.0405,0.0,0,0,0,0,11,1,0
0,0,0.0289,0.0,0,0,0,0,11,1,0
0,0,0.0233,0.0,110,0,1,0,11,0,1
0,0,0.0039,0.0,0,0,0,0,12,0,0
1,0,0.169,0.0,0,0,0,1,8,1,0
1,1,0.5462,0.0,0,0,1,0,8,1,0
0,0,0.0173,0.0,0,0,0,1,11,0,0
1,0,0.0813,0.0,0,0,0,0,10,1,0
1,0,0.0289,0.0,0,0,0,0,11,1,0
1,0,0.1111,0.0,0,0,1,0,7,0,0
1,0,0.3266,0.0,0,0,1,0,11,1,0
1,0,0.0983,0.0,0,0,0,0,11,1,0
1,0,0.2865,0.0,0,0,0,0,13,0,0
1,0,0.0,0.0,0,0,0,1,11,1,0
0,0,0.003,0.0,0,0,0,0,8,1,0
1,0,0.0135,0.0,0,0,0,1,11,1,0
1,0,0.0347,0.0,0,0,1,0,11,0,0
0,0,0.0106,0.0,0,0,0,0,10,0,0
1,1,0.6,0.0,0,0,0,1,8,1,0
1,0,0.0294,0.0,0,0,0,0,11,0,0
0,0,0.0327,0.0,0,0,0,0,13,0,0
1,0,0.1667,0.0,0,0,0,0,7,0,0
1,0,0.0318,0.0,0,0,0,0,11,0,0
0,0,0.0066,0.0,0,0,0,1,8,1,0
1,1,0.6667,0.0,0,0,0,0,8,0,0
1,1,0.3873,0.0,0,0,0,0,11,1,0
1,0,0.1282,0.0,0,0,0,0,10,0,0
1,0,0.0147,0.0,0,0,0,0,11,0,0
0,0,0.0062,0.0,0,0,0,0,13,0,0
0,0,0.0116,0.0,0,0,1,0,11,1,0
0,0,0.0292,0.0,0,0,0,0,13,0,0
0,0,0.0064,0.0,0,0,0,0,13,0,0
1,0,0.0942,0.0,0,0,0,0,13,0,0
0,0,0.0107,0.0,427,0,0,0,10,0,0
1,0,0.0086,0.0,0,0,0,0,10,0,0
0,0,0.0259,0.0,0,0,0,0,8,0,0
0,0,0.0484,0.0,0,0,0,0,13,1,0
1,0,0.1821,0.0,0,0,0,0,11,0,0
1,0,0.0116,0.0,0,0,1,0,11,0,0
1,0,0.0059,0.0,0,0,0,1,11,0,0
1,0,0.0434,0.0,0,0,0,1,11,1,0
1,0,0.0912,0.0,0,0,0,0,11,0,0
1,0,0.0308,0.0,0,0,0,0,13,1,0
1,0,0.0607,0.0,0,0,0,0,11,1,0
0,0,0.0505,0.0,0,0,0,0,13,0,0
1,0,0.1713,0.0,0,0,0,0,10,1,0
1,0,0.0802,0.0,0,0,1,0,8,0,0
1,1,0.1416,0.0,0,0,0,1,11,1,0
1,0,0.2422,0.0,0,0,1,0,10,1,0
1,0,0.0412,0.0,0,0,0,0,11,0,0
0,0,0.0,0.0,0,15,1,0,11,0,1
1,0,0.0156,0.0,0,0,0,0,8,0,0
1,0,0.0173,0.0,0,0,0,0,11,0,0
1,0,0.1538,0.0,0,0,0,0,10,0,0
0,0,0.0,0.0,0,0,0,2,11,0,0
0,0,0.0179,0.0,0,0,0,0,8,1,0
0,0,0.0033,0.0,0,0,0,0,13,0,0
1,0,0.0,0.0,0,0,0,0,8,0,0
1,0,0.0206,0.0,0,0,0,0,11,0,0
1,0,0.0508,0.0,0,0,0,0,9,0,0
1,0,0.125,0.0,0,0,1,0,10,0,0
0,0,0.0059,0.0,0,0,1,0,9,0,0
1,0,0.0441,0.0,0,0,0,0,11,0,0
1,0,0.1029,0.0,0,0,1,0,10,0,0
0,0,0.0134,0.0,0,0,0,0,11,0,0
0,0,0.0,0.0,323,0,0,0,8,0,0
1,0,0.1071,0.0,0,0,1,1,10,1,0
1,0,0.0694,0.0,0,0,0,1,11,1,0
1,0,0.0751,0.0,0,0,0,0,13,1,0
1,1,0.5208,0.0,0,0,0,0,10,1,0
0,0,0.25,0.0,0,0,0,0,12,1,0
0,0,0.0197,0.0,0,0,0,0,13,1,0
1,0,0.1146,0.0,0,0,0,0,10,1,0
1,0,0.0324,0.0,0,0,0,0,11,0,0
0,0,0.0513,0.0,0,0,0,0,10,0,0
1,1,0.604,0.0,0,0,1,0,11,0,0
0,0,0.0166,0.0,0,0,0,0,10,0,0
1,0,0.0353,0.0,0,0,0,0,11,0,0
1,1,0.5455,0.0,0,0,1,1,8,1,0
1,0,0.0378,0.0,0,0,0,1,11,1,0
0,0,0.0253,0.0,0,0,0,0,13,0,0
1,0,0.0825,0.0,0,0,0,0,13,0,0
1,0,0.059,0.0,0,0,0,0,13,0,0
1,0,0.2083,0.0,0,0,0,0,13,0,0
1,0,0.1899,0.0,0,0,1,0,10,0,0
1,0,0.0706,0.0,0,0,0,0,11,0,0
0,0,0.0623,0.0,0,0,0,1,13,0,0
1,0,0.0126,0.0,0,0,0,0,13,0,0
1,1,0.4365,0.0,0,0,0,0,11,0,0
1,1,0.3088,0.0,0,0,0,0,11,0,0
1,0,0.1338,0.0,0,0,0,1,8,0,0
1,0,0.0165,0.0,0,0,0,0,13,0,0
1,0,0.0686,0.0,0,0,0,0,13,0,0
1,1,0.4952,0.0,0,0,0,1,7,0,0
1,0,0.1647,0.0,0,0,0,0,11,1,0
1,0,0.0363,0.0,0,0,0,0,9,0,0
0,0,0.0065,0.0,0,0,0,0,13,1,0
1,0,0.0714,0.0,0,0,1,1,9,0,0
1,0,0.0607,0.0,0,0,1,0,11,0,0
1,1,0.25,0.0,0,0,0,1,10,1,0
1,0,0.3127,0.0,0,0,0,0,13,0,0
1,0,0.1156,0.0,0,0,0,1,11,1,0
0,0,1.0,0.0,0,0,0,1,8,1,0
1,0,0.0324,0.0,0,0,0,0,7,0,0
1,0,0.1738,0.0,267,73,1,0,11,0,1
0,0,0.0029,0.0,0,0,1,0,11,0,0
1,0,0.0162,0.0,0,0,0,0,13,0,0
1,0,0.0919,0.0,0,0,0,0,11,1,0
0,0,0.019,0.0,0,0,0,0,9,0,0
1,0,0.0318,0.0,0,0,0,0,11,1,0
1,0,0.0618,0.0,0,0,0,0,11,0,0
1,0,0.0029,0.0,0,0,0,1,11,0,0
1,1,0.3237,0.0,0,0,1,1,11,0,0
0,0,0.0159,0.0,0,0,0,0,13,0,0
1,0,0.08,0.0,0,0,0,2,13,0,0
1,0,0.0354,0.0,0,0,0,0,11,0,0
1,1,0.5,0.0,0,0,1,0,10,1,0
0,0,0.0,0.0,0,0,1,0,7,0,0
1,1,0.4516,0.0,0,0,1,0,10,1,0
0,0,0.0393,0.0,0,0,0,0,13,0,0
0,0,0.0053,0.0,675,0,0,0,9,0,0
1,0,0.0079,0.0,0,0,1,0,10,0,0
1,1,0.0,0.0,0,0,0,1,7,0,0
0,0,0.0289,0.0,0,0,1,0,11,1,0
0,0,0.0147,0.0,0,0,0,0,11,0,0
1,0,0.0359,0.0,0,0,1,0,11,1,0
1,0,0.0116,0.0,0,0,0,1,11,0,0
1,0,0.1304,0.0,0,0,0,0,7,0,0
1,0,0.0792,0.0,0,0,0,0,13,0,0
1,1,0.55,0.0,0,0,0,0,7,1,0
1,1,0.3176,0.0,0,0,0,0,11,0,0
0,0,0.0109,0.0,0,0,0,0,9,0,0
0,0,0.0323,0.0,0,0,0,0,8,0,0
0,0,0.0,0.0,0,0,0,0,0,1,0
0,0,0.0376,0.0,0,0,0,0,11,1,0
1,0,0.0084,0.0,0,0,0,0,10,0,0
0,0,0.625,0.0,0,0,0,0,8,0,0
0,0,0.0194,0.0,0,0,0,0,13,0,0
1,0,0.1563,0.0,0,0,0,0,8,0,0
1,0,0.0345,0.0,0,0,0,0,10,1,0
0,0,0.0155,0.0,0,0,0,0,10,0,0
0,0,0.0097,0.0,0,0,0,0,13,1,0
1,0,0.0938,0.0,0,0,0,1,11,0,0
1,1,0.5809,0.0,0,0,0,1,11,0,0
0,0,1.0,0.0,0,0,0,0,12,0,0
1,0,0.0526,0.0,0,0,0,0,10,1,0
1,1,0.4451,0.0,0,0,1,1,11,1,0
1,0,0.0333,0.0,0,0,0,0,10,0,0
1,0,0.0323,0.0,0,0,0,1,9,0,0
0,0,0.0087,0.0,0,0,1,2,11,0,0
1,0,0.2733,0.0,0,0,0,0,13,0,0
1,0,0.0429,0.0,0,0,0,0,7,0,0
1,0,0.09,0.0,0,0,0,0,13,0,0
1,0,0.15,0.0,0,0,1,0,9,0,0
1,1,1.0,0.0,0,0,0,0,11,0,0
1,0,0.0159,0.0,0,0,1,0,11,0,0
0,0,0.0356,0.0,0,0,0,0,13,0,0
1,0,0.0376,0.0,0,0,1,1,11,0,0
0,0,0.0056,0.0,0,0,0,0,8,0,0
0,0,0.0053,0.0,0,0,1,0,9,0,0
0,0,0.0053,0.0,0,18,1,0,8,0,1
0,0,0.016,0.0,783,36,1,0,10,0,0
0,0,0.0,0.0,512,0,0,0,11,0,0
0,0,0.0053,0.0,215,14,1,1,8,1,0
0,0,0.0348,0.0,431,9,0,0,10,1,0
0,0,0.0372,0.0,0,3,0,0,9,0,0
1,0,0.0206,3.0,0,30,1,0,12,0,1
0,0,0.0106,0.0,157,0,0,0,8,0,0
1,0,0.2941,0.0,208,14,1,2,11,0,1
0,0,0.0267,0.0,146,58,0,0,11,0,0
0,0,0.0,0.0,153,1,0,0,12,0,0
1,0,0.2219,0.0,357,122,1,1,10,0,1
1,0,0.1043,0.0,363,192,0,0,9,0,1
0,0,0.0294,0.0,200,0,1,0,11,1,0
0,0,0.0319,0.0,0,7,1,1,10,0,1
0,0,0.0,0.0,0,15,1,0,10,0,0
0,0,0.0,2.0,0,4,1,0,10,0,1
0,0,0.0134,0.0,210,0,1,0,11,0,0
0,0,0.0,5.0,165,207,1,0,8,1,1
0,0,0.0,0.0,243,11,0,0,8,0,0
0,0,0.0291,0.0,0,1,0,0,11,0,0
0,0,0.0,0.0,0,3,0,0,12,0,0
0,0,0.0107,0.0,549,3,0,0,10,0,1
0,0,0.0053,0.0,547,0,0,0,9,1,0
0,0,0.0,0.0,0,9,1,1,8,0,0
1,0,0.0608,0.0,0,2,0,0,11,0,1
0,0,0.0,0.0,0,3,0,0,11,0,0
0,0,0.037,4.0,0,1,0,0,13,0,0
0,0,0.0,0.0,87,1,1,0,11,1,0
0,0,0.0,0.0,257,5,1,1,9,1,0
1,0,0.0509,0.0,0,0,0,0,13,0,0
0,0,0.0,0.0,530,0,0,0,10,1,0
0,0,0.0027,0.0,0,2,0,0,10,0,0
0,0,0.0132,0.0,0,1,0,0,13,0,1
0,0,0.0,0.0,258,0,0,0,8,1,0
0,0,0.0079,0.0,0,3,1,0,8,0,0
0,0,0.0198,0.0,163,43,0,0,11,1,1
0,0,0.0,0.0,792,0,1,0,9,1,0
0,0,0.0027,0.0,437,0,0,0,9,1,0
1,0,0.0026,0.0,0,2,1,1,11,0,0
0,0,0.0187,0.0,473,90,1,0,9,0,1
1,0,0.0135,0.0,150,0,1,0,8,0,1
1,0,0.0748,0.0,0,0,0,0,9,0,0
0,0,0.0106,2.0,203,91,1,2,8,1,0
0,0,0.0,1.0,0,3,0,0,11,0,0
0,0,0.0267,0.0,149,0,0,0,11,1,0
0,0,0.0029,0.0,541,10,0,0,12,0,1
0,0,0.008,0.0,533,1,0,0,11,1,1
0,0,0.0053,0.0,0,0,0,0,10,0,0
1,0,0.1085,0.0,0,9,0,0,11,0,1
0,0,0.0027,0.0,549,0,1,0,9,0,0
0,0,0.0283,0.0,367,14,0,0,8,0,0
0,0,0.0,0.0,346,51,0,0,10,1,1
0,0,0.0027,0.0,0,4,0,0,10,0,0
0,0,0.0053,1.0,0,51,0,0,10,0,0
0,0,0.0474,0.0,0,1,1,0,8,0,0
0,0,0.0214,0.0,382,4,1,1,10,1,0
0,0,0.0027,0.0,294,12,0,0,8,1,0
0,0,0.0106,0.0,215,21,1,0,8,1,0
0,0,0.0,0.0,545,9,0,0,12,1,0
0,0,0.0,0.0,0,9,1,0,9,0,0
0,0,0.0026,0.0,0,1,1,0,8,0,0
1,0,0.0347,0.0,600,34,0,0,12,0,0
0,0,0.0,0.0,0,12,0,0,9,0,0
0,0,0.0,0.0,170,0,0,0,10,1,1
0,0,0.0,0.0,597,3,0,0,10,1,0
0,0,0.0,0.0,0,13,1,1,11,0,0
0,0,0.0,1.0,229,54,1,0,10,0,0
0,0,0.0,0.0,633,0,0,0,9,1,0
0,0,0.0,0.0,465,0,1,1,8,0,1
0,0,0.0053,0.0,398,0,0,0,10,1,1
0,0,0.0,0.0,333,0,0,0,10,0,0
0,0,0.0,0.0,0,3,1,0,9,0,1
0,0,0.008,0.0,532,0,0,0,9,0,0
1,0,0.1123,0.0,490,141,0,1,10,0,1
0,0,0.0,0.0,0,5,0,0,10,0,0
0,0,0.0,0.0,0,4,0,0,8,0,0
0,0,0.0372,0.0,268,37,0,0,8,1,0
1,0,0.0106,18.5,161,158,0,1,8,1,1
0,0,0.0,0.0,228,0,0,0,10,1,0
0,0,0.0,0.0,0,3,0,0,8,0,0
0,0,0.0,0.0,547,1,1,0,12,0,1
0,0,0.0053,1.0,0,65,1,1,8,0,1
0,0,0.0,0.0,253,0,0,0,10,0,0
0,0,0.0,0.0,201,18,1,0,9,0,0
1,0,0.0107,0.0,479,59,0,0,9,0,1
0,0,0.0026,0.5,0,36,1,0,11,0,1
0,0,0.0214,0.0,436,2,1,0,8,0,0
0,0,0.0213,0.0,164,1,0,0,8,1,0
1,0,0.0346,0.0,0,8,0,0,9,0,0
0,0,0.0053,0.0,0,2,0,0,10,0,0
1,0,0.1273,0.0,45,26,0,0,13,0,1
1,0,0.115,5.0,433,108,0,0,11,1,1
0,0,0.0,0.0,345,0,0,0,11,1,0
0,0,0.0294,0.0,189,0,1,0,11,1,0
0,0,0.0029,0.0,694,0,0,0,12,0,1
0,0,0.0107,0.0,424,1,1,0,9,0,1
0,0,0.0091,0.0,228,28,0,0,9,0,0
1,0,0.0,0.0,0,1,1,0,9,0,0
0,0,0.0,0.0,0,1,0,1,13,0,0
0,0,0.0,0.0,44,0,0,0,13,1,0
0,0,0.0,0.0,0,0,1,0,10,0,0
0,0,0.0267,0.0,110,19,0,0,11,1,0
0,0,0.0027,0.0,598,19,0,0,9,1,0
0,0,0.0529,0.0,0,0,0,0,13,0,0
0,0,0.0,2.5,0,41,1,0,8,0,0
0,0,0.0053,0.0,538,1,1,0,9,0,0
0,0,0.0,0.0,551,9,0,0,11,1,0
0,0,0.0,0.0,458,12,1,0,12,0,1
1,0,0.0189,0.0,228,26,0,0,10,1,0
0,0,0.0053,0.0,480,10,0,0,9,0,1
0,0,0.0321,0.0,445,2,0,0,11,0,0
0,0,0.0027,0.0,0,1,1,0,10,0,0
0,0,0.008,0.0,193,41,0,0,11,1,0
0,0,0.0053,0.0,0,8,1,0,9,0,0
0,0,0.0,19.0,0,20,1,1,10,0,1
1,0,0.0053,0.0,0,13,0,1,10,0,1
0,0,0.0053,0.0,205,0,0,0,8,0,0
0,0,0.0,0.0,0,0,0,1,8,0,1
0,0,0.0,0.0,0,6,0,0,10,0,0
1,0,0.05,0.0,27,0,0,0,9,1,0
0,0,0.0214,0.0,410,1,0,0,10,1,0
1,0,0.0058,0.0,507,1,0,0,12,0,0
0,0,0.0053,0.0,330,2,1,0,10,0,1
0,0,0.0159,0.0,0,1,0,0,11,0,0
0,0,0.0287,0.0,253,1,1,1,8,1,1
0,0,0.0532,0.0,0,9,1,0,9,0,0
0,0,0.0,0.0,0,9,0,0,8,0,0
0,0,0.0053,0.0,0,16,0,0,10,0,0
0,0,0.0452,0.0,155,0,1,0,8,0,1
1,0,0.0237,0.0,0,5,1,0,8,0,0
0,0,0.0,0.0,749,1,0,0,9,0,0
0,0,0.0053,5.0,469,43,1,0,10,1,0
0,0,0.0,0.0,0,2,1,0,10,0,0
0,0,0.0027,0.0,522,178,0,2,9,1,1
1,0,0.0213,0.0,703,2,0,0,12,1,0
0,0,0.0173,0.0,572,49,0,0,12,1,0
0,0,0.0321,0.0,347,178,0,0,11,1,0
0,0,0.016,6.5,0,13,1,0,10,0,1
1,0,0.0,0.0,0,0,1,0,8,0,0
0,0,0.0,0.0,345,7,0,0,10,1,1
1,0,0.0833,0.0,0,0,0,0,9,0,0
0,0,0.0,0.0,674,0,0,0,10,0,0
0,0,0.0214,0.0,653,63,0,0,10,0,1
0,0,0.0,0.0,372,0,0,0,10,1,0
0,0,0.0635,0.0,0,0,0,0,11,0,0
0,0,0.0,0.0,11,0,0,0,13,1,0
0,0,0.0,0.0,169,20,0,0,11,1,1
0,0,0.0206,0.0,149,0,0,0,10,0,0
0,0,0.0,0.0,583,0,0,0,9,0,0
0,0,0.0091,0.0,0,20,1,0,8,0,0
0,0,0.0053,0.0,437,47,0,0,10,0,1
0,0,0.0,0.0,239,2,0,0,10,0,0
0,0,0.0,0.0,0,3,1,0,10,0,0
0,0,0.0,0.0,683,0,1,0,9,1,1
1,0,0.2406,7.5,307,142,1,0,10,0,1
1,0,0.107,0.0,353,169,1,0,10,1,1
0,0,0.0374,0.0,496,6,0,0,11,0,0
1,0,0.2995,0.0,298,38,1,1,9,0,0
0,0,0.0317,0.0,0,0,0,1,11,0,0
1,0,0.0947,2.5,0,23,1,0,8,0,1
0,0,0.0241,0.0,353,225,1,0,10,1,0
0,0,0.0107,0.0,791,1,1,0,9,1,0
1,0,0.0058,5.0,293,3,0,0,12,0,1
1,0,0.0,0.0,0,0,0,0,12,0,0
0,0,0.0,0.0,220,14,0,0,8,0,1
0,0,0.0053,6.0,358,172,0,0,9,1,1
0,0,0.0027,0.0,185,316,0,0,8,1,0
0,0,0.0053,0.0,339,1,0,0,8,0,1
0,0,0.0,0.0,758,64,0,0,9,1,1
0,0,0.0134,0.0,454,9,0,0,9,0,1
0,0,0.0214,0.0,780,0,0,0,10,0,0
0,0,0.0426,0.0,210,1,0,0,8,0,0
0,0,0.0054,0.0,156,14,0,0,10,1,0
0,0,0.0319,0.0,405,37,1,1,8,1,1
0,0,0.0,6.0,322,18,0,0,11,0,1
1,0,0.0481,0.0,279,41,1,1,9,1,1
1,0,0.0088,0.0,0,2,1,0,12,0,0
0,0,0.0,0.0,264,20,0,0,8,1,0
1,0,0.1123,0.0,579,668,1,0,10,1,0
0,0,0.0213,0.0,465,1,0,0,9,0,0
1,0,0.0106,6.0,0,31,1,1,10,0,1
0,0,0.0053,0.0,0,0,0,0,9,0,0
0,0,0.0,0.0,713,1,0,0,9,1,0
0,0,0.0,0.0,534,0,0,0,10,1,0
0,0,0.0053,5.0,151,22,0,0,8,1,1
0,0,0.0107,0.0,813,1,0,0,10,1,0
0,0,0.016,0.0,462,1,1,0,9,0,0
0,0,0.016,0.0,576,2,0,1,9,1,1
1,1,0.5714,5.0,16,36,1,1,10,0,1
1,0,0.039,0.0,200,32,0,0,8,0,0
0,0,0.0078,0.0,195,0,0,0,11,0,1
1,0,0.0294,0.0,0,0,0,0,12,0,0
0,0,0.0106,0.0,175,14,0,0,8,1,0
0,0,0.0,0.0,157,10,0,0,8,0,1
0,0,0.008,0.0,264,30,0,0,10,0,0
0,0,0.0106,0.0,0,26,0,0,10,0,0
0,0,0.0241,0.0,258,54,0,0,10,1,0
0,0,0.0,0.0,404,0,0,0,11,1,0
0,0,0.0,0.0,229,0,1,0,9,0,0
0,0,0.0,0.0,195,28,0,0,11,0,0
1,0,0.0106,0.0,0,0,0,0,13,0,0
0,0,0.0,0.0,0,1,0,0,9,0,1
0,0,0.0027,0.0,367,9,0,0,9,1,1
0,0,0.0026,7.0,0,26,0,1,11,0,0
0,0,0.0053,0.0,620,1,0,0,9,0,0
0,0,0.0186,0.0,0,0,1,0,8,0,0
1,0,0.0722,11.5,634,281,0,0,10,0,1
1,0,0.0079,0.0,0,20,0,0,8,0,1
0,0,0.0,0.0,801,0,0,0,12,0,0
0,0,0.0053,0.0,245,1,0,0,11,0,0
0,0,0.0134,0.0,687,27,0,0,9,0,1
0,0,0.0,0.0,520,10,1,0,8,0,0
0,0,0.0107,0.0,560,19,1,0,10,0,1
0,0,0.0,0.0,701,15,0,0,9,0,0
0,0,0.0532,0.0,0,1,1,0,9,0,0
0,0,0.0213,0.0,250,0,1,0,8,0,0
0,0,0.2,0.0,69,162,0,0,11,0,0
0,0,0.0,0.0,705,0,0,0,11,0,0
0,0,0.0,0.0,568,9,0,0,10,1,0
0,0,0.0213,0.0,174,5,0,0,8,1,0
1,1,0.5452,0.0,0,0,1,1,9,0,0
1,0,0.1317,0.0,224,125,0,0,11,0,0
0,0,0.0426,2.0,295,234,1,0,10,1,1
0,0,0.0,0.0,611,18,0,0,9,0,0
0,0,0.0053,0.0,423,9,1,0,11,0,1
0,0,0.0294,0.0,169,9,0,0,10,0,0
0,0,0.016,0.0,270,75,1,0,11,0,0
0,0,0.0,0.0,199,85,0,0,8,1,1
0,0,0.0,0.0,597,0,0,0,10,0,0
0,0,0.0,0.0,0,9,0,0,10,0,0
0,0,0.0053,0.0,344,9,0,0,8,0,0
0,0,0.0298,4.0,52,102,0,0,13,1,1
0,0,0.0053,0.0,425,2,0,0,10,1,1
0,0,0.0106,0.0,253,21,0,1,8,1,1
0,0,0.0,0.0,569,0,0,0,9,0,1
0,0,0.0,0.0,0,3,0,1,9,0,0
0,0,0.0585,0.0,162,52,1,0,8,1,0
0,0,0.0,0.0,426,12,0,0,9,0,1
0,0,0.0,0.0,714,0,0,0,9,0,0
0,0,0.0087,0.0,613,4,0,0,12,0,0
0,0,0.0,0.5,0,29,1,1,9,0,1
0,0,0.0,0.0,709,54,1,1,9,1,1
0,0,0.0488,0.0,88,140,1,0,11,0,0
0,0,0.0,0.0,0,6,0,1,8,0,0
1,1,0.625,0.0,34,0,1,1,8,1,1
1,0,0.0585,0.0,0,1,1,0,10,0,1
0,0,0.0,0.0,403,1,0,0,9,1,0
0,0,0.0374,0.0,617,33,1,0,9,1,0
0,0,0.0401,2.0,458,493,0,0,10,0,1
0,0,0.0,0.0,383,2,0,0,10,1,1
1,0,0.0161,0.0,0,0,1,0,9,0,0
1,0,0.2406,6.0,248,194,1,1,9,1,0
0,0,0.0,0.0,264,0,0,0,8,0,0
0,0,0.0,0.0,761,10,0,0,9,1,0
0,0,0.0053,0.0,0,0,0,0,13,0,0
0,0,0.0,0.0,587,2,0,0,10,1,0
1,0,0.1265,3.0,245,59,1,0,11,1,1
0,0,0.0,3.0,362,209,0,0,9,1,1
0,0,0.0026,0.0,0,0,1,1,8,0,0
0,0,0.0479,0.0,275,1,0,0,8,1,0
0,0,0.0027,0.0,375,2,0,0,11,0,0
0,0,0.0,0.0,238,0,0,0,12,0,0
0,0,0.0078,0.0,323,2,0,2,9,1,0
0,0,0.0106,0.0,245,14,1,2,8,1,0
0,0,0.0223,0.0,183,67,0,0,10,1,0
1,0,0.1016,0.0,606,10,0,0,10,1,1
0,0,0.0,0.0,427,0,0,0,8,0,0
0,0,0.0026,0.0,0,4,1,0,8,0,0
0,0,0.0585,0.0,0,0,0,0,10,0,1
0,0,0.0,0.0,179,1,0,0,8,0,1
0,0,0.0,0.0,701,0,0,0,9,1,1
1,0,0.0642,12.5,450,344,1,0,9,1,1
1,0,0.0291,0.0,0,4,0,0,11,0,0
0,0,0.0,0.0,220,9,0,1,10,1,0
1,0,0.123,14.5,304,428,1,0,10,0,1
1,0,0.0107,0.0,524,113,1,0,9,1,1
0,0,0.0,0.0,315,0,0,0,8,1,0
0,0,0.0,0.0,29,0,0,0,13,0,0
0,0,0.0,0.0,0,46,0,0,9,0,0
0,0,0.0213,5.0,175,193,1,0,8,1,1
0,0,0.0,0.0,372,1,0,0,13,1,0
0,0,0.0245,0.0,11,19,0,1,13,1,1
0,0,0.0401,0.0,385,87,1,0,10,1,0
1,0,0.0,0.0,86,9,0,0,11,0,0
0,0,0.0,0.0,607,74,0,1,10,1,0
0,0,0.0,0.0,0,11,0,0,12,0,1
0,0,0.0,0.0,131,0,0,0,11,1,0
0,0,0.0054,0.0,6,48,0,0,13,1,0
0,0,0.0,0.0,221,0,0,0,10,1,1
0,0,0.0,0.0,39,1,0,0,13,1,1
0,0,0.0,0.0,254,54,0,0,9,1,0
0,0,0.0,0.0,217,11,0,0,10,0,0
0,0,0.0267,0.0,395,0,1,2,11,1,0
0,0,0.0,4.0,0,19,1,0,8,0,0
1,1,0.0026,1.0,0,36,1,1,11,0,1
0,0,0.0,0.0,0,1,1,2,8,0,0
0,0,0.0,0.0,0,4,1,1,9,0,0
0,0,0.0,2.0,0,1,0,0,8,0,0
0,0,0.0,0.0,435,4,0,0,8,0,0
1,1,0.1122,0.0,0,5,0,0,12,0,1
1,0,0.0185,0.0,0,0,1,0,9,1,0
1,0,0.1257,1.0,0,0,1,0,10,0,1
0,0,0.0188,0.0,519,0,0,1,9,0,0
0,0,0.0,0.0,25,9,0,0,13,0,1
1,0,0.0882,3.0,423,10,0,1,11,1,1
0,0,0.0401,0.0,520,65,0,0,10,1,0
0,0,0.0107,0.0,375,13,0,0,10,1,0
1,0,0.0213,5.0,0,40,0,0,10,0,0
0,0,0.0053,0.0,251,0,0,0,8,0,0
0,0,0.008,0.0,492,9,0,0,8,1,0
1,0,0.0688,0.0,0,66,0,1,11,0,1
0,0,0.0081,0.0,7,0,0,0,13,1,0
0,0,0.0027,0.0,565,0,0,0,9,0,0
0,0,0.0,0.0,0,10,0,0,12,0,1
0,0,0.008,0.0,355,42,1,0,11,1,0
0,0,0.0,3.0,292,1,0,0,8,1,0
0,0,0.008,0.0,236,116,0,0,10,1,0
0,0,0.0,0.0,270,28,0,0,8,1,1
0,0,0.0,0.0,0,1,0,1,11,0,0
1,1,0.5508,12.0,386,144,1,0,11,1,1
0,0,0.0027,0.0,231,0,0,0,11,1,0
1,0,0.0535,15.0,109,245,1,2,11,1,1
0,0,0.0027,0.0,618,10,0,0,11,0,1
0,0,0.0,0.0,0,78,1,2,8,0,1
0,0,0.0267,0.0,363,19,0,0,11,0,0
0,0,0.0,1.0,0,9,1,1,9,0,1
0,0,0.0,0.0,1061,1,1,0,12,0,0
0,0,0.0,0.0,206,0,1,0,8,1,0
0,0,0.0266,0.0,0,0,1,0,9,0,0
0,0,0.016,0.0,0,46,0,0,10,0,1
0,0,0.0213,0.0,0,5,0,0,10,0,0
0,0,0.0107,0.0,928,7,0,0,9,1,1
0,0,0.0,4.5,0,6,0,1,10,0,1
0,0,0.0319,0.0,0,1,0,0,9,0,0
0,0,0.0186,6.0,109,128,0,0,11,1,0
0,0,0.0,0.0,119,43,0,1,11,1,0
0,0,0.0267,0.0,453,245,0,1,10,1,0
0,0,0.0054,0.0,2,2,0,0,13,1,0
1,0,0.0984,0.0,0,15,1,0,9,0,1
1,0,0.0058,0.0,663,1,0,0,12,0,0
0,0,0.0,0.0,719,0,0,0,9,1,1
0,0,0.0,0.0,0,8,0,0,9,0,0
0,0,0.0053,0.0,267,59,1,0,11,0,1
0,0,0.0027,0.0,246,4,0,0,13,0,0
0,0,0.0053,0.0,288,1,1,0,11,0,0
0,0,0.0053,0.0,0,2,0,0,13,0,0
0,0,0.0029,0.0,606,30,0,0,12,1,0
0,0,0.0,0.0,0,1,0,0,13,0,0
1,0,0.0904,0.0,268,32,1,0,8,0,0
0,0,0.0258,2.0,93,25,0,1,13,0,0
0,0,0.0053,0.0,541,0,0,0,9,0,0
0,0,0.0,0.0,238,23,1,0,8,1,0
0,0,0.0027,0.0,338,38,1,0,11,1,0
0,0,0.0,0.0,0,4,0,0,10,0,1
0,0,0.0535,0.0,166,18,0,0,10,1,0
0,0,0.0,0.0,881,1,1,0,12,1,0
0,0,0.0,0.0,297,47,0,0,8,1,0
0,0,0.0027,0.0,242,95,0,1,11,1,0
0,0,0.0798,0.0,318,19,0,0,8,0,1
1,0,0.0737,0.0,0,3,1,0,8,0,0
0,0,0.0,0.0,23,0,0,0,13,0,0
0,0,0.0,0.0,506,0,0,0,10,1,0
0,0,0.0027,0.0,395,59,0,0,8,1,0
0,0,0.0106,0.0,259,11,0,0,8,1,0
0,0,0.0556,0.0,0,6,1,1,11,0,0
0,0,0.0,0.0,727,17,0,1,9,1,0
1,0,0.0,0.0,383,3,0,0,13,0,1
0,0,0.0,0.0,641,24,0,0,9,1,1
0,0,0.0526,0.0,0,0,0,0,8,0,0
0,0,0.0106,0.0,0,9,0,0,9,0,0
0,0,0.0,0.0,195,14,1,0,8,0,0
0,0,0.0,0.0,0,16,1,0,9,0,0
0,0,0.0,0.0,0,4,0,0,11,0,0
0,0,0.0,0.0,0,2,1,0,12,0,0
0,0,0.0,0.0,0,5,1,0,9,0,0
0,0,0.0,0.0,0,1,0,1,8,0,0
0,0,0.0053,0.0,0,14,0,0,10,0,0
0,0,0.0107,0.0,325,32,1,0,10,0,0
0,0,0.0,0.0,0,4,0,0,9,0,0
1,0,0.0268,0.0,166,3,0,0,10,0,0
0,0,0.0186,0.0,0,22,1,1,9,0,1
0,0,0.0,0.0,388,0,0,0,10,1,0
0,0,0.0026,0.0,0,1,1,0,11,0,1
0,0,0.0508,0.0,949,0,0,0,11,0,0
0,0,0.0,3.0,469,9,1,0,8,1,1
0,0,0.0,1.0,0,0,0,0,13,0,0
0,0,0.0,0.0,527,2,1,0,12,0,0
0,0,0.0053,0.0,552,0,0,0,10,0,0
0,0,0.0,0.0,219,1,0,0,8,1,0
0,0,0.0223,0.0,265,9,0,0,11,1,0
1,1,0.0,6.0,0,0,1,2,10,0,1
0,0,0.0267,0.0,402,172,1,2,10,1,1
1,0,0.0293,0.0,177,1,1,2,8,0,1
1,0,0.0909,0.0,181,27,1,0,11,1,0
0,0,0.0027,0.0,0,0,1,0,9,0,0
1,0,0.0241,0.0,460,11,0,0,9,0,0
0,0,0.0053,0.0,0,25,0,0,11,0,1
0,0,0.0,0.0,0,9,0,0,8,0,1
0,0,0.0027,0.0,495,10,0,0,11,0,0
0,0,0.016,0.0,365,28,0,0,10,0,0
0,0,0.0267,0.0,121,0,0,0,11,1,0
0,0,0.0,0.0,0,3,0,0,10,0,0
0,0,0.0479,0.0,0,1,0,0,10,0,0
0,0,0.0027,0.0,549,1,0,2,10,1,0
0,0,0.016,3.0,251,55,0,1,8,1,0
0,0,0.0,0.0,530,0,0,0,12,0,0
0,0,0.0053,2.0,330,108,0,0,9,1,1
0,0,0.0,0.0,694,1,1,0,9,0,1
0,0,0.0,0.0,233,0,1,0,12,0,0
0,0,0.0026,1.0,0,18,1,0,8,0,0
0,0,0.0,1.0,0,6,0,0,9,0,0
0,0,0.0479,0.0,0,0,0,0,10,0,0
1,0,0.0921,2.0,0,71,1,1,8,0,1
0,0,0.0,0.0,321,95,1,0,9,0,0
0,0,0.0561,0.0,349,273,1,0,10,0,0
0,0,0.0,0.0,0,0,0,1,10,0,1
0,0,0.016,0.0,395,12,1,0,9,0,0
1,0,0.0,0.0,707,0,0,0,12,1,0
0,0,0.0107,0.0,345,30,0,0,10,0,0
0,0,0.0,0.0,591,0,0,0,12,1,0
0,0,0.0214,0.0,324,444,1,0,10,0,1
0,0,0.0,0.0,567,11,0,0,9,0,1
0,0,0.0186,0.0,0,1,1,0,10,0,1
0,0,0.0968,0.0,600,12,0,0,11,0,0
0,0,0.0,0.0,890,0,0,0,12,1,0
0,0,0.0133,0.0,216,44,0,0,8,0,1
1,0,0.1356,17.0,351,452,0,0,10,1,1
0,0,0.0,0.0,0,6,0,0,8,0,1
0,0,0.0057,0.0,385,9,0,0,10,0,0
0,0,0.0027,0.0,188,16,0,0,8,1,1
0,0,0.0,0.0,241,9,1,0,10,1,0
0,0,0.0053,0.0,510,18,1,0,9,0,1
0,0,0.0,0.0,419,0,0,0,12,1,0
0,0,0.0777,0.0,540,87,1,1,9,1,0
0,0,0.0106,0.0,0,1,1,0,10,0,0
0,0,0.0053,0.0,214,4,0,0,11,0,1
1,0,0.0829,0.0,303,97,0,0,11,0,0
0,0,0.0,0.0,0,14,0,0,8,0,0
0,0,0.0,0.0,0,1,1,1,10,0,1
0,0,0.0053,0.0,169,0,1,0,8,1,0
1,0,0.0029,3.0,323,10,1,0,8,0,0
1,0,0.0267,0.0,540,0,0,0,10,0,0
0,0,0.0266,0.0,0,1,1,0,10,0,1
0,0,0.0401,3.0,442,162,1,0,11,1,1
0,0,0.0275,0.0,0,1,0,0,13,0,0
0,0,0.0027,0.0,438,68,0,0,10,0,0
0,0,0.0374,0.0,167,9,0,0,10,0,0
0,0,0.0,0.0,417,4,1,0,8,0,1
0,0,0.0,0.0,183,117,0,0,8,1,0
0,0,0.0347,0.0,580,44,1,0,12,1,0
0,0,0.0,0.0,541,1,0,0,9,0,0
1,0,0.0992,0.0,7,79,0,0,13,1,0
0,0,0.0,0.0,0,2,0,1,8,0,1
1,0,0.0667,0.0,187,1,0,0,8,1,0
0,0,0.0027,0.0,313,1,0,0,10,0,0
0,0,0.0027,0.0,140,173,0,0,8,0,0
0,0,0.0699,0.0,408,11,0,0,11,0,0
0,0,0.0,0.0,258,10,0,0,8,1,0
1,0,0.0802,0.0,381,88,1,0,9,0,1
1,0,0.1123,0.0,490,147,1,0,9,1,0
1,0,0.016,0.0,496,20,1,1,9,1,0
0,0,0.0,0.0,69,19,0,0,11,0,0
0,0,0.0,0.0,221,4,0,0,8,1,0
1,1,0.0,0.0,0,0,1,2,11,0,1
0,0,0.0214,0.0,572,25,1,0,9,0,0
1,1,0.1631,18.5,220,76,0,1,9,1,0
0,0,0.008,0.0,287,0,0,0,11,0,0
0,0,0.0267,0.0,183,101,0,0,11,0,0
1,0,0.1356,0.0,184,350,1,0,8,0,1
0,0,0.0,0.0,605,9,0,1,11,0,0
0,0,0.0,0.0,204,9,0,0,11,0,1
0,0,0.0401,0.0,481,46,0,0,10,0,0
0,0,0.0106,0.0,136,11,0,1,8,0,0
0,0,0.0,0.0,238,1,0,0,9,0,0
0,0,0.0053,0.0,544,9,0,0,9,0,0
0,0,0.0027,0.0,0,2,0,1,10,0,0
0,0,0.0083,0.0,324,30,1,0,9,1,0
0,0,0.0053,0.0,220,0,0,0,8,1,0
1,0,0.0,0.0,0,3,0,0,12,0,0
1,0,0.0079,1.0,0,16,1,0,11,0,0
0,0,0.0214,2.0,660,402,0,0,10,0,0
0,0,0.0,0.0,339,13,0,1,8,1,0
0,0,0.0,0.0,0,13,1,1,9,0,1
0,0,0.0,0.0,669,1,0,0,10,1,1
0,0,0.0,0.0,546,15,0,0,9,1,1
0,0,0.0134,0.0,352,52,1,0,9,1,1
0,0,0.0053,0.0,0,0,1,0,8,0,1
0,0,0.0,0.0,0,1,0,0,12,0,0
0,0,0.0,0.0,241,0,1,0,10,0,0
0,0,0.0,0.0,61,0,0,0,13,1,0
0,0,0.0158,0.0,0,6,1,0,8,0,0
0,0,0.0,0.0,269,1,0,0,9,0,0
0,0,0.0,0.0,0,4,1,0,11,0,0
0,0,0.0,0.0,236,10,0,0,8,0,0
0,0,0.0137,0.0,303,0,0,0,13,1,0
0,0,0.0,0.0,492,0,0,0,9,0,0
1,0,0.0665,0.0,164,39,0,0,8,0,1
0,0,0.0,0.0,246,60,0,0,8,1,0
1,0,0.0585,8.5,0,18,0,0,10,0,1
0,0,0.0,0.0,0,23,1,0,8,0,1
0,0,0.0214,0.0,623,59,1,0,10,0,0
0,0,0.0,0.0,232,0,0,0,9,1,0
0,0,0.0,0.0,598,2,0,0,10,0,0
0,0,0.0532,0.0,0,0,0,0,9,0,0
0,0,0.0,1.0,0,7,1,0,12,0,0
0,0,0.0,0.0,621,9,0,0,10,1,0
1,0,0.0909,0.0,0,0,0,1,10,0,1
0,0,0.0,0.0,561,6,0,0,12,0,0
0,0,0.0053,0.0,572,10,1,0,10,1,1
0,0,0.0107,0.0,560,35,1,0,9,0,0
0,0,0.0053,0.0,443,0,0,0,10,0,0
0,0,0.008,0.0,735,20,1,0,9,0,0
1,1,0.0026,0.0,0,1,0,1,8,0,0
1,0,0.0191,0.0,242,26,0,0,8,0,0
0,0,0.0107,0.0,204,21,0,0,11,0,0
0,0,0.0,0.0,331,0,0,0,11,1,0
0,0,0.0,0.0,259,0,0,0,11,1,0
0,0,0.0,0.0,276,10,0,0,8,0,0
0,0,0.0079,3.5,0,47,1,0,11,0,1
0,0,0.0,1.0,524,321,0,0,10,0,1
0,0,0.0175,0.0,241,0,0,0,9,0,1
0,0,0.0,0.0,696,0,0,0,12,0,0
0,0,0.0,0.0,140,64,1,0,8,1,0
0,0,0.0,0.0,311,4,0,0,8,1,0
0,0,0.0,0.0,884,0,0,0,9,1,0
0,0,0.0319,0.0,206,2,1,0,8,1,0
0,0,0.0053,1.0,0,2,0,0,11,0,1
0,0,0.0053,0.0,0,18,1,0,10,0,0
0,0,0.0107,0.0,141,19,0,0,11,1,1
0,0,0.0107,0.0,550,2,0,0,9,0,0
0,0,0.0107,0.0,642,10,0,0,10,0,0
1,0,0.0549,0.0,594,103,0,0,12,0,1
1,0,0.0073,0.0,0,0,0,0,12,0,0
0,0,0.0105,0.0,0,4,0,0,8,0,0
0,0,0.0,1.5,344,46,0,0,8,1,0
0,0,0.0,0.0,0,5,0,1,11,0,0
0,0,0.016,0.0,230,2,0,0,8,0,0
0,0,0.0455,0.0,682,0,0,1,9,1,0
0,0,0.0107,0.0,652,0,0,0,10,0,0
1,0,0.0904,0.0,0,2,1,0,9,0,0
1,0,0.0,12.0,82,137,0,0,11,1,1
0,0,0.0385,3.0,58,42,0,0,13,1,0
0,0,0.0,0.0,594,3,0,0,10,1,0
0,0,0.0187,0.0,202,1,0,1,11,0,0
0,0,0.0,0.0,401,2,0,0,8,1,0
0,0,0.0137,4.0,22,13,0,2,13,1,1
0,0,0.0053,0.0,0,19,1,0,10,0,0
1,0,0.1765,10.0,75,245,0,1,11,1,1
0,0,0.0,0.0,280,18,0,0,10,1,0
0,0,0.0107,0.0,723,0,0,0,9,0,0
0,0,0.0241,0.0,403,94,0,0,9,1,1
0,0,0.0426,0.0,41,12,0,0,13,1,0
0,0,0.0053,0.0,200,21,0,0,8,0,0
0,0,0.0348,0.0,678,28,0,1,10,1,1
0,0,0.0173,0.0,469,40,1,0,12,1,1
1,0,0.0668,0.0,78,47,0,0,11,0,1
1,0,0.2633,3.0,100,289,1,1,8,1,1
0,0,0.0,3.0,175,367,0,0,10,1,0
0,0,0.0106,0.0,283,2,0,2,8,1,0
0,0,0.0239,3.5,0,46,1,0,10,0,0
0,0,0.0241,5.0,117,62,1,0,11,1,1
0,0,0.0428,0.0,331,32,1,0,11,0,0
0,0,0.0027,0.0,0,11,0,1,10,0,0
0,0,0.0508,0.0,394,27,1,0,10,1,1
0,0,0.0,0.0,442,0,0,0,8,0,0
0,0,0.0,8.0,510,285,0,0,10,1,1
0,0,0.0,0.0,376,9,0,0,10,1,0
0,0,0.0053,0.0,450,0,1,0,11,0,0
0,0,0.0053,0.0,278,17,1,0,10,1,0
0,0,0.008,0.0,0,0,1,1,10,0,1
1,0,0.0984,0.0,399,13,1,0,8,1,0
0,0,0.0105,0.0,0,2,0,0,8,0,0
0,0,0.0161,5.0,536,0,1,0,11,1,0
1,0,0.008,6.0,402,112,0,0,9,1,0
0,0,0.0,0.0,171,0,0,0,11,1,0
1,0,0.0106,0.0,0,0,0,0,10,0,0
1,0,0.0241,2.0,425,33,0,1,11,0,1
0,0,0.0,0.0,333,19,0,0,9,0,0
0,0,0.0267,0.0,507,0,0,1,10,0,0
0,0,0.0241,0.0,226,18,0,1,11,1,1
0,0,0.0053,0.0,692,19,0,1,10,1,0
0,0,0.0,0.0,329,17,0,0,10,1,1
0,0,0.0,0.0,750,1,0,0,12,1,0
1,0,0.1011,0.0,129,167,1,1,8,0,1
0,0,0.0,3.0,0,3,0,0,11,0,0
0,0,0.0186,0.0,136,455,0,0,8,0,1
0,0,0.0588,0.0,0,0,0,0,9,1,0
0,0,0.0409,0.0,188,12,0,0,13,0,1
1,0,0.0,0.0,963,32,0,0,12,1,0
0,0,0.0426,0.0,0,0,0,0,9,0,1
0,0,0.0266,0.0,224,9,0,0,8,0,0
1,0,0.0,0.0,481,30,1,0,9,0,0
1,0,0.0053,0.0,344,44,0,0,10,0,0
0,0,0.0,0.0,442,44,0,0,9,0,1
0,0,0.0027,3.0,173,370,0,0,11,0,1
0,0,0.0481,0.0,624,12,0,0,9,0,0
1,0,0.0213,0.0,0,9,1,0,10,0,1
0,0,0.003,0.0,0,72,1,1,8,0,1
0,0,0.0,0.0,169,0,0,0,8,0,0
0,0,0.0481,1.0,580,166,0,0,9,1,1
1,0,0.0376,0.0,451,0,0,0,12,0,0
0,0,0.0,0.0,0,0,1,0,8,0,1
0,0,0.0,0.0,429,9,1,0,10,0,0
0,0,0.0027,0.0,657,32,0,0,9,0,1
0,0,0.0374,0.0,643,20,1,0,10,1,1
1,0,0.0957,0.0,455,3,0,0,8,1,0
1,0,0.0535,20.0,330,138,1,1,9,1,1
0,0,0.0,0.0,0,0,1,0,12,0,0
1,0,0.0798,0.0,144,31,1,1,8,0,1
0,0,0.0105,0.0,0,1,0,0,8,0,0
0,0,0.0053,0.0,471,28,1,1,10,1,0
0,0,0.0053,0.0,205,143,0,0,11,1,1
0,0,0.0293,0.0,0,4,0,0,9,0,1
0,0,0.0058,0.0,574,22,1,0,12,0,1
0,0,0.0,0.0,707,1,0,0,9,0,0
0,0,0.0,0.0,271,0,0,0,10,1,0
0,0,0.0106,17.0,0,25,1,0,11,0,1
0,0,0.0165,0.0,66,51,0,0,13,1,1
0,0,0.0,0.0,355,11,0,0,11,1,0
0,0,0.0,0.0,363,105,0,0,10,1,0
0,0,0.0532,0.0,0,1,1,0,9,0,1
0,0,0.0,0.0,0,9,0,0,11,0,0
0,0,0.0106,0.0,344,0,1,0,8,0,1
1,0,0.0029,1.0,0,10,1,0,12,0,0
1,0,0.0053,0.0,581,39,0,0,10,0,1
0,0,0.0,0.0,179,9,0,0,11,1,0
0,0,0.0233,0.0,204,42,0,0,9,0,0
0,0,0.0027,0.0,332,20,0,0,11,1,0
0,0,0.0,0.0,365,2,0,0,13,1,1
0,0,0.0,0.0,114,0,0,0,10,1,0
0,0,0.008,0.0,0,1,1,0,10,0,1
0,0,0.0,0.0,302,9,0,0,8,0,0
0,0,0.0,0.0,381,0,0,0,9,0,0
1,0,0.3938,2.5,204,67,1,0,10,0,1
0,0,0.0,0.0,0,11,1,1,8,0,0
0,0,0.0,0.0,370,0,0,0,11,0,0
0,0,0.0053,0.0,264,0,0,0,8,0,0
0,0,0.0267,0.0,174,0,0,0,10,1,0
0,0,0.016,0.0,332,9,1,0,8,1,0
0,0,0.0,0.0,501,1,0,0,8,0,0
0,0,0.0106,0.0,297,27,0,0,8,0,0
0,0,0.0061,0.0,379,24,0,0,8,1,0
0,0,0.0107,0.0,442,133,0,0,9,0,0
1,0,0.0535,0.0,368,0,0,0,11,1,0
0,0,0.0053,0.0,0,7,1,0,10,0,0
1,0,0.258,0.0,208,27,1,0,8,1,1
0,0,0.0562,0.0,364,2,1,0,8,0,0
0,0,0.0053,0.0,443,2,0,0,10,1,0
0,0,0.0027,0.0,715,16,1,0,9,0,1
0,0,0.0053,0.0,226,2,0,0,8,0,0
0,0,0.0,0.0,0,6,0,0,8,0,0
0,0,0.0,0.0,462,2,0,0,12,0,0
0,0,0.0,0.0,244,25,0,0,8,0,0
0,0,0.0,0.0,156,0,0,0,8,0,0
0,0,0.0291,0.0,0,0,0,1,13,0,0
1,0,0.234,0.0,277,213,1,0,8,0,1
1,0,0.0668,0.0,560,93,1,0,9,1,0
0,0,0.0107,0.0,532,66,0,0,10,1,0
0,0,0.0027,0.0,0,10,0,0,10,0,0
0,0,0.0,0.0,438,32,1,0,12,1,0
0,0,0.008,0.0,749,18,0,0,10,1,0
0,0,0.0455,0.0,464,19,0,0,9,0,0
0,0,0.008,0.0,192,39,0,0,11,0,1
0,0,0.0026,0.0,0,1,0,0,11,0,0
0,0,0.0,0.0,237,0,0,0,8,0,0
1,0,0.016,0.0,502,88,1,1,10,1,1
0,0,0.0,0.0,955,0,0,0,12,0,0
1,0,0.0053,0.0,565,10,0,0,9,0,0
0,0,0.0,0.0,515,3,0,0,9,0,0
0,0,0.0027,0.0,749,79,0,0,9,1,0
0,0,0.016,0.0,0,0,0,0,9,0,1
1,0,0.0532,4.5,173,137,0,1,8,1,1
0,0,0.0,0.0,204,22,0,0,11,1,1
0,0,0.0027,0.0,641,0,1,0,9,1,1
0,0,0.0053,1.0,0,4,1,0,8,0,1
0,0,0.0214,5.0,655,0,0,2,9,1,0
0,0,0.0,0.0,659,0,0,0,12,0,0
0,0,0.0,0.0,259,0,0,0,8,1,0
1,1,0.0559,0.0,88,0,1,0,8,1,1
0,0,0.0027,0.0,0,1,1,0,9,0,0
0,0,0.0,0.0,630,1,0,0,9,1,0
1,0,0.107,6.0,178,95,0,0,11,0,1
0,0,0.0476,0.0,0,2,1,0,11,0,0
0,0,0.0,0.0,159,23,1,0,8,0,1
0,0,0.0,0.0,0,18,0,0,10,0,0
0,0,0.0029,0.0,658,88,0,0,12,1,0
0,0,0.0561,5.0,504,555,0,0,10,0,1
0,0,0.022,0.0,9,36,0,0,13,1,0
0,0,0.0182,0.0,225,34,0,0,13,0,0
0,0,0.0,0.0,479,0,0,0,11,0,0
0,0,0.0,0.0,490,5,0,0,10,1,0
1,0,0.0904,9.5,0,2,1,2,10,0,1
0,0,0.0,0.0,0,18,0,0,11,0,0
1,0,0.0212,0.0,0,0,0,0,11,0,0
0,0,0.0,0.0,0,0,0,0,10,0,1
1,0,0.0909,10.0,180,506,0,0,11,0,1
1,0,0.0289,0.0,860,0,1,0,12,0,0
0,0,0.0027,0.0,458,27,0,0,9,0,1
0,0,0.0027,0.0,552,35,0,0,9,1,0
0,0,0.0027,1.0,0,11,0,0,10,0,1
1,0,0.0771,2.0,255,1,1,0,8,0,1
0,0,0.0027,3.0,191,101,0,0,8,0,0
0,0,0.0106,0.0,0,1,0,0,9,0,0
0,0,0.009,0.0,0,2,0,0,8,0,1
0,0,0.0027,0.0,835,0,0,0,9,1,0
0,0,0.016,0.0,344,0,0,0,10,1,1
0,0,0.0053,1.0,0,15,1,1,11,0,1
1,0,0.0118,0.0,0,0,0,0,12,0,0
0,0,0.0027,0.0,427,51,0,0,9,1,1
0,0,0.0029,0.0,0,3,1,0,12,0,0
0,0,0.0107,1.0,535,81,0,1,9,1,1
0,0,0.0165,0.0,9,98,0,0,13,1,0
0,0,0.0107,0.0,156,9,0,1,11,1,1
0,0,0.0238,0.0,0,0,1,0,11,0,1
0,0,0.016,0.0,0,5,1,0,9,0,0
0,0,0.0,0.0,248,0,0,0,10,1,0
0,0,0.0214,0.0,402,19,0,0,11,1,0
0,0,0.0,0.0,396,0,0,0,10,1,0
0,0,0.0107,1.0,462,21,0,0,10,1,0
0,0,0.0,4.0,0,12,1,0,9,0,1
0,0,0.0241,0.0,233,15,1,1,11,0,1
0,0,0.0,5.0,0,11,0,0,11,0,0
0,0,0.0,0.0,672,1,0,0,12,0,0
0,0,0.0,0.0,0,21,1,0,8,0,0
0,0,0.0187,0.0,474,1,0,0,10,1,0
0,0,0.016,0.0,372,10,0,0,10,0,0
0,0,0.0133,0.0,336,0,0,0,11,0,0
1,0,0.0106,0.0,0,1,0,0,9,0,0
1,0,0.1791,0.0,125,89,1,0,8,1,1
0,0,0.0058,0.0,381,0,1,0,12,0,0
0,0,0.0118,0.0,353,20,0,0,10,0,0
0,0,0.0,0.0,495,1,0,0,8,0,1
0,0,0.0,0.0,0,8,0,0,11,0,0
0,0,0.0,0.0,268,0,0,0,8,1,0
0,0,0.0053,0.0,0,2,0,0,11,0,0
0,0,0.0,6.0,0,13,0,0,9,0,1
0,0,0.0441,0.0,109,1,0,0,11,0,0
0,0,0.0,0.0,355,0,0,0,10,0,0
0,0,0.0879,0.0,264,41,0,0,13,1,1
0,0,0.016,0.0,0,10,0,0,9,0,0
0,0,0.0,0.0,0,30,1,0,8,0,0
1,0,0.0158,0.0,0,0,1,0,8,0,0
0,0,0.0116,0.0,714,1,0,0,12,0,0
0,0,0.0,0.0,611,13,0,0,11,0,0
0,0,0.0,0.0,0,4,1,0,9,0,1
0,0,0.0266,0.0,173,0,0,0,8,0,0
0,0,0.0107,0.0,361,3,0,0,10,1,0
0,0,0.0,0.0,197,0,0,0,8,1,0
0,0,0.0133,0.0,0,0,0,0,13,0,1
0,0,0.0,0.0,0,0,0,0,8,0,1
0,0,0.0134,0.0,522,18,0,0,11,1,0
0,0,0.0053,0.0,460,0,0,0,10,0,0
1,0,0.0503,0.0,0,0,0,0,13,0,1
0,0,0.0399,0.0,0,0,1,0,9,0,1
0,0,0.0319,0.0,115,12,1,1,8,0,0
0,0,0.0745,0.0,0,0,0,0,10,0,1
0,0,0.0,0.0,0,8,0,0,8,0,0
0,0,0.0,0.0,584,11,0,0,9,0,0
0,0,0.0,0.0,75,0,0,0,13,0,0
1,0,0.0,0.0,574,9,0,0,9,0,0
0,0,0.0027,0.0,216,0,1,1,8,1,0
1,0,0.0106,9.0,0,8,1,0,9,0,1
0,0,0.0027,0.0,422,10,1,1,8,0,1
0,0,0.0055,0.0,379,1,0,0,13,1,0
0,0,0.0107,0.0,431,72,0,0,10,0,0
0,0,0.0106,0.0,0,8,0,0,11,0,0
0,0,0.0265,0.0,0,37,1,0,11,0,1
0,0,0.0,0.0,214,3,0,0,13,0,0
0,0,0.0054,0.0,176,69,0,0,13,1,1
0,0,0.0214,0.0,0,0,0,0,9,0,1
0,0,0.0,0.0,196,3,0,0,8,1,1
1,0,0.0,3.0,0,50,0,1,9,0,1
0,0,0.0585,0.0,0,2,0,0,9,0,0
0,0,0.0184,0.0,0,11,0,0,8,0,0
0,0,0.0213,0.0,211,29,1,0,8,0,1
0,0,0.0187,0.0,450,62,1,0,9,1,0
0,0,0.0027,0.0,0,4,0,1,9,0,0
0,0,0.0267,0.0,167,10,1,0,11,0,1
0,0,0.0,0.0,346,0,0,0,9,0,0
1,0,0.1471,3.0,137,219,1,0,8,1,1
0,0,0.0,0.0,843,2,0,0,12,1,0
0,0,0.0,0.0,582,1,0,0,9,0,0
0,0,0.0,0.0,243,0,0,0,10,0,0
1,0,0.1043,4.0,379,90,1,0,9,1,1
0,0,0.0,0.0,386,10,0,0,10,0,0
0,0,0.0,0.0,0,2,0,0,9,0,1
0,0,0.0,0.0,349,0,0,0,13,0,0
0,0,0.0053,0.0,509,0,0,0,9,0,0
0,0,0.0481,0.0,687,2,0,0,9,0,1
1,0,0.0058,0.0,521,1,0,0,12,0,0
0,0,0.0372,0.0,235,138,1,0,8,0,1
0,0,0.0,0.0,0,12,0,0,11,0,0
0,0,0.0107,0.0,493,0,1,0,10,0,0
0,0,0.0053,0.0,0,30,1,0,8,0,0
0,0,0.0107,0.0,418,38,1,0,10,1,0
1,0,0.0421,0.0,0,4,1,1,8,0,1
0,0,0.0027,0.0,228,19,0,0,8,0,0
1,0,0.1,0.0,0,1,0,0,8,0,1
0,0,0.016,0.0,496,1,0,0,10,1,0
0,0,0.0642,5.0,292,24,0,0,11,0,0
0,0,0.0,2.0,525,69,1,0,9,1,0
0,0,0.0053,0.0,307,1,0,0,8,1,1
0,0,0.0027,0.0,621,10,0,0,11,1,0
1,0,0.0853,0.0,192,41,1,0,8,0,0
1,1,0.1011,0.0,0,0,0,0,11,1,1
0,0,0.0,0.0,303,0,0,0,8,0,0
0,0,0.0,0.0,556,0,0,0,10,0,0
1,0,0.0053,0.0,0,0,1,0,8,0,0
0,0,0.0107,0.0,174,11,1,0,11,1,0
0,0,0.0,0.0,780,0,0,0,9,1,0
0,0,0.0134,0.0,161,0,0,0,11,1,0
0,0,0.0,0.0,0,22,0,0,11,0,0
0,0,0.0,0.0,694,0,0,0,10,0,0
1,0,0.0421,0.0,0,47,1,0,8,0,1
0,0,0.016,3.0,0,79,1,0,10,0,1
0,0,0.0613,3.0,113,63,1,2,11,1,1
0,0,0.0,0.0,371,0,0,0,10,0,0
0,0,0.016,15.0,0,2,1,1,10,0,0
0,0,0.0,0.0,0,12,1,0,8,0,0
0,0,0.0053,0.0,288,0,1,0,8,1,0
1,0,0.0615,1.0,420,68,1,1,11,0,1
0,0,0.008,0.0,652,40,0,0,9,0,0
0,0,0.0162,0.0,37,1,0,0,13,0,0
0,0,0.0,0.0,213,0,0,0,8,0,0
0,0,0.0238,0.0,0,21,0,0,11,0,0
1,0,0.2112,0.0,174,182,1,0,11,0,1
1,0,0.2086,20.0,101,178,1,1,11,1,1
0,0,0.0,0.0,308,0,0,0,10,0,0
0,0,0.0107,0.0,326,9,0,0,10,1,0
0,0,0.0,0.0,158,2,0,0,8,0,0
0,0,0.0072,0.0,205,76,1,0,10,1,1
0,0,0.003,0.0,47,45,0,0,13,1,0
1,1,0.4866,16.0,34,36,0,0,11,0,1
1,0,0.127,16.5,0,83,1,1,11,0,1
0,0,0.0027,0.0,18,1,0,0,13,1,1
0,0,0.0213,0.0,0,0,0,0,10,0,0
0,0,0.0,0.0,0,2,1,1,11,0,0
0,0,0.0,0.0,0,11,1,0,9,0,0
0,0,0.0,0.0,229,0,0,0,8,1,0
0,0,0.0136,0.0,76,9,0,0,13,1,0
0,0,0.0,0.0,0,6,0,0,11,0,0
0,0,0.0481,0.0,346,127,1,1,11,1,0
1,0,0.0441,0.0,0,4,0,0,12,0,0
1,0,0.1915,1.5,0,22,1,1,9,0,1
0,0,0.0,0.0,380,1,1,0,9,0,0
0,0,0.008,0.0,0,0,1,0,9,0,0
0,0,0.0376,0.0,375,12,0,0,10,1,1
1,0,0.0452,1.0,0,78,1,1,10,0,1
0,0,0.0,0.0,0,6,1,0,8,0,1
1,0,0.0026,0.0,0,4,1,0,11,0,1
0,0,0.0,0.0,0,2,0,1,9,0,0
1,0,0.0437,31.0,0,45,1,0,11,0,1
0,0,0.0,0.0,720,1,0,0,12,1,0
0,0,0.0053,0.0,472,9,0,0,10,1,0
0,0,0.0107,0.0,459,10,0,0,11,1,0
0,0,0.0,0.0,312,9,0,0,10,0,0
0,0,0.0053,1.0,0,9,0,0,11,0,0
1,0,0.0,0.0,313,2,0,0,12,0,0
0,0,0.0,0.0,399,15,0,0,8,1,0
0,0,0.0561,0.0,122,80,1,0,11,0,1
1,0,0.0029,0.0,0,4,1,0,12,0,1
0,0,0.0053,0.0,839,1,1,0,9,1,0
1,0,0.0374,0.0,494,45,1,0,10,1,0
0,0,0.0145,0.0,570,44,1,0,12,1,0
0,0,0.0026,0.0,0,7,1,0,11,0,0
0,0,0.016,0.0,233,141,1,0,8,0,1
1,0,0.0079,0.0,0,32,0,0,11,0,1
0,0,0.0133,0.0,0,2,0,0,10,0,0
0,0,0.0027,0.0,167,0,0,0,8,1,1
0,0,0.0241,0.0,572,0,0,0,10,1,0
0,0,0.0,0.0,606,23,1,0,12,0,0
0,0,0.0053,0.0,168,1,0,0,8,1,0
0,0,0.0029,0.0,519,3,0,0,12,1,0
0,0,0.0053,0.0,461,10,0,0,10,0,0
0,0,0.0026,2.0,0,8,1,0,8,0,0
0,0,0.0,0.0,0,3,0,0,13,0,0
1,0,0.3289,0.0,393,196,1,1,9,1,1
0,0,0.0,0.0,56,2,0,0,13,0,0
0,0,0.0027,0.0,260,0,0,0,8,1,1
0,0,0.0053,0.0,549,116,1,0,9,1,1
0,0,0.0133,0.0,0,3,1,0,9,0,0
0,0,0.0365,0.0,221,0,0,0,9,0,1
0,0,0.0027,0.0,702,0,0,0,9,1,0
0,0,0.0,0.0,422,1,0,0,12,1,0
0,0,0.0,0.0,458,72,0,0,10,0,0
0,0,0.0,0.0,677,0,0,0,9,1,0
0,0,0.0,0.0,0,7,1,0,11,0,1
0,0,0.0053,0.0,0,2,0,0,8,0,0
0,0,0.0,0.0,193,19,0,0,9,1,1
0,0,0.0,0.0,550,0,0,0,9,1,0
0,0,0.0,0.0,0,7,1,0,8,0,1
1,0,0.1505,0.0,238,290,1,1,10,1,0
0,0,0.0,0.0,702,9,0,0,9,1,0
0,0,0.0107,0.0,490,9,0,0,11,0,1
1,0,0.0802,0.0,216,106,1,0,11,1,0
0,0,0.0,0.0,0,1,1,0,11,0,0
0,0,0.0,0.0,271,0,0,0,8,0,1
0,0,0.0053,4.5,0,28,0,0,11,0,0
0,0,0.0158,0.0,0,5,0,1,8,0,0
0,0,0.0,0.0,181,0,1,0,8,0,0
0,0,0.0,0.0,363,123,0,0,10,1,0
1,0,0.1631,9.0,117,110,0,0,11,1,0
0,0,0.0027,0.0,850,3,0,0,10,0,0
0,0,0.0053,0.0,481,0,1,0,10,0,0
1,0,0.0503,0.0,0,2,1,0,11,0,0
0,0,0.0374,0.0,667,12,0,1,10,1,0
0,0,0.008,0.0,730,6,0,0,9,1,0
0,0,0.0053,0.0,316,43,0,0,8,1,0
0,0,0.0,0.0,0,0,0,0,13,0,1
0,0,0.0,0.0,63,48,0,1,10,1,0
0,0,0.0,0.0,869,0,0,0,9,1,0
0,0,0.0053,0.0,280,22,1,0,8,1,0
0,0,0.0187,0.0,362,92,0,0,10,1,0
0,0,0.0106,0.0,283,4,0,0,8,1,0
0,0,0.006,0.0,398,9,0,0,8,0,0
0,0,0.0321,0.0,334,2,0,0,10,0,0
0,0,0.0,0.0,241,9,0,0,11,0,0
0,0,0.0,0.0,709,11,0,0,10,0,0
0,0,0.0053,0.0,0,10,0,0,9,0,1
0,0,0.0107,0.0,572,3,0,1,9,0,0
0,0,0.0133,0.0,0,9,1,0,10,0,0
0,0,0.0027,0.0,548,36,0,0,11,1,0
0,0,0.0053,0.0,0,5,1,1,8,0,0
0,0,0.0455,0.0,175,0,0,0,11,0,0
0,0,0.0,0.0,151,115,0,0,8,1,1
0,0,0.0,0.0,586,11,0,0,12,0,0
0,0,0.0106,0.0,314,24,0,0,8,0,0
0,0,0.0,0.0,473,19,1,0,10,0,0
0,0,0.0474,0.0,0,1,1,1,8,0,0
0,0,0.0027,0.0,476,18,0,0,9,1,0
0,0,0.0,0.0,268,2,0,0,8,1,0
0,0,0.0087,0.0,378,44,0,0,12,1,0
0,0,0.0,0.0,475,9,0,0,10,1,0
0,0,0.0053,0.0,642,12,0,0,11,0,0
0,0,0.0053,0.0,651,0,1,0,9,0,0
0,0,0.008,0.0,535,14,1,0,9,1,1
0,0,0.0,0.0,463,1,0,0,10,1,0
0,0,0.0,0.0,696,2,0,0,12,0,0
0,0,0.0214,0.0,186,1,0,0,11,0,0
0,0,0.0742,0.0,64,9,0,0,13,0,0
1,0,0.2246,0.0,361,123,1,0,10,1,1
0,0,0.0053,0.0,467,103,0,0,9,1,1
0,0,0.008,0.0,155,19,0,0,11,0,1
0,0,0.0027,0.0,318,63,0,0,8,1,0
1,0,0.0053,0.0,0,0,1,2,8,0,0
1,0,0.1925,26.0,92,16,1,2,9,1,1
0,0,0.0134,0.0,302,83,0,0,11,0,1
0,0,0.0107,0.0,563,12,1,0,11,0,1
0,0,0.0,0.0,325,0,0,1,8,0,0
0,0,0.0,0.0,321,0,0,0,10,0,0
0,0,0.0,0.0,0,18,0,0,8,0,0
0,0,0.0535,2.0,319,113,0,0,11,1,0
0,0,0.0,0.0,0,0,0,0,11,0,1
0,0,0.0053,0.0,0,1,0,0,10,0,0
1,0,0.1217,0.0,0,10,0,0,11,0,0
0,0,0.0027,0.0,293,10,0,1,11,0,0
0,0,0.0438,0.0,15,159,0,0,13,1,0
0,0,0.0,0.0,0,4,0,1,12,0,0
0,0,0.0053,0.0,0,4,1,0,9,0,1
0,0,0.0053,0.0,499,32,0,0,9,1,0
0,0,0.0104,0.0,0,1,1,0,8,0,0
1,0,0.0904,4.5,0,43,0,1,10,0,1
0,0,0.0,0.0,131,25,0,0,11,1,0
0,0,0.0053,0.0,227,1,0,2,11,0,0
0,0,0.0638,0.0,198,34,1,0,8,0,0
0,0,0.0079,0.5,0,68,0,0,11,0,0
0,0,0.0053,0.0,0,27,1,0,11,0,0
0,0,0.0054,0.0,352,32,1,0,10,0,1
1,0,0.0,0.0,0,0,0,0,10,1,1
0,0,0.0,0.0,413,1,1,0,8,0,0
0,0,0.0053,0.0,530,4,0,0,9,1,1
0,0,0.0,0.0,0,13,0,0,11,0,0
1,0,0.0661,3.5,0,62,1,0,11,0,0
1,0,0.0989,0.0,421,1,1,0,10,1,1
0,0,0.0053,5.0,182,111,0,0,11,1,0
0,0,0.0,0.0,204,20,0,0,8,1,0
0,0,0.0,0.0,491,1,0,0,9,1,0
0,0,0.0,5.0,525,65,1,1,10,1,1
0,0,0.0,0.0,0,0,1,0,11,0,1
0,0,0.0,0.0,914,0,0,0,12,1,0
0,0,0.0107,0.0,194,0,0,0,11,0,0
0,0,0.008,0.0,576,23,1,0,9,1,1
0,0,0.0053,2.0,540,19,0,0,11,0,0
0,0,0.0,0.0,320,1,1,0,8,1,0
0,0,0.0053,0.0,178,2,0,0,11,0,1
0,0,0.0481,0.0,248,14,1,0,8,1,1
0,0,0.0053,0.0,144,1,0,0,8,1,0
1,0,0.0267,0.0,164,41,0,0,11,1,0
0,0,0.0,0.0,542,0,1,0,9,1,0
0,0,0.0105,0.0,0,0,0,0,8,0,0
0,0,0.0027,4.0,353,85,1,0,10,1,0
0,0,0.0107,0.0,258,28,0,0,10,1,0
0,0,0.0,0.0,288,10,0,0,11,0,0
0,0,0.0053,0.0,726,0,0,0,9,1,0
0,0,0.0368,0.0,0,2,1,0,8,0,0
1,0,0.0963,0.0,524,9,1,0,10,0,0
1,0,0.1176,0.0,159,0,1,1,10,0,1
0,0,0.0426,0.0,207,125,1,0,8,1,0
0,0,0.0026,0.0,0,41,1,0,8,0,1
0,0,0.0106,0.0,274,605,1,2,8,1,1
0,0,0.0079,0.0,0,4,0,0,11,0,0
0,0,0.0,0.0,513,0,0,0,9,1,0
0,0,0.0053,0.0,287,31,0,0,10,1,0
0,0,0.0,0.0,418,2,0,0,10,1,0
0,0,0.0267,0.0,311,50,0,0,10,1,0
0,0,0.0,0.0,343,10,0,0,8,0,0
1,0,0.1176,0.0,441,365,1,0,10,0,1
0,0,0.0,0.0,0,8,1,0,11,0,0
0,0,0.0027,0.0,198,11,0,0,11,1,1
0,0,0.0,0.0,275,0,0,0,8,0,0
0,0,0.0058,0.0,314,40,0,0,9,1,1
0,0,0.0055,0.0,65,11,0,0,13,0,0
1,0,0.0134,0.0,325,118,0,0,10,0,1
0,0,0.0,0.0,187,3,0,0,8,1,0
0,0,0.0,0.0,28,0,0,0,13,0,1
0,0,0.0053,0.0,689,0,1,0,10,1,0
0,0,0.0265,0.0,0,10,1,1,11,0,1
0,0,0.0,8.5,0,45,1,1,8,0,1
1,0,0.0423,17.5,0,71,0,1,11,0,1
0,0,0.0053,0.0,132,37,0,0,11,1,0
0,0,0.0,0.0,0,3,0,0,8,0,1
0,0,0.0,0.0,0,6,1,0,11,0,0
0,0,0.0,0.0,0,9,1,0,10,0,0
0,0,0.0321,0.0,429,266,1,0,9,1,0
1,0,0.0319,0.0,162,95,0,0,8,1,0
0,0,0.0,0.0,0,4,1,0,10,0,0
1,0,0.0726,0.0,242,279,1,0,10,1,0
0,0,0.0,0.0,70,10,0,0,13,0,1
0,0,0.0,0.0,0,23,1,0,10,0,0
1,0,0.0957,0.0,0,57,1,0,9,0,1
0,0,0.0211,0.0,0,7,1,0,8,0,0
1,0,0.0847,0.0,85,36,0,0,11,1,1
0,0,0.0107,0.0,385,90,1,0,9,0,0
0,0,0.0173,0.0,498,11,0,0,12,0,0
0,0,0.016,0.0,415,0,0,0,11,0,0
0,0,0.0,1.0,94,192,1,1,10,1,1
0,0,0.0,0.0,247,10,0,0,10,1,0
0,0,0.016,0.0,251,1,0,0,8,1,0
0,0,0.0376,0.0,450,9,1,0,12,0,1
0,0,0.0,0.0,260,0,0,0,11,0,0
1,1,0.4064,0.0,167,29,1,1,9,0,1
0,0,0.016,0.0,0,1,0,0,9,0,0
0,0,0.0,0.0,123,28,1,0,9,0,0
0,0,0.0027,2.5,0,57,1,1,10,0,0
0,0,0.0053,0.0,0,10,0,0,11,0,0
1,0,0.0,5.0,12,0,0,1,8,1,1
0,0,0.0399,0.0,125,21,0,0,8,1,1
1,0,0.0317,0.0,0,1,0,0,11,0,0
1,0,0.0,0.0,0,2,0,0,9,0,1
0,0,0.0118,1.0,0,5,0,0,12,0,0
1,0,0.1296,1.0,0,76,0,0,11,0,1
0,0,0.0289,0.0,583,3,0,0,12,0,1
0,0,0.0401,0.0,464,12,0,0,10,1,0
0,0,0.0,2.0,611,311,0,1,10,1,1
1,0,0.0635,1.0,0,40,0,0,11,0,1
1,0,0.0822,0.0,382,20,0,0,13,0,1
0,0,0.0111,0.0,0,0,0,1,11,0,1
0,0,0.0,0.0,180,29,0,0,8,1,0
1,0,0.0718,1.0,0,51,0,0,10,0,1
1,0,0.0293,0.0,0,41,0,1,10,0,0
0,0,0.0,0.0,404,0,0,0,8,0,0
0,0,0.0,0.0,405,2,0,0,8,1,0
0,0,0.0053,0.0,472,3,0,0,10,0,1
0,0,0.0529,0.0,212,84,1,0,9,1,0
1,0,0.3075,0.0,328,249,0,0,10,0,1
1,0,0.0341,0.0,0,2,0,0,8,0,0
1,1,0.1534,0.0,0,3,0,0,11,0,0
1,0,0.0241,0.0,120,0,0,0,11,1,0
1,1,0.7834,9.5,68,0,1,1,10,1,1
0,0,0.0026,0.0,0,1,0,0,8,0,0
0,0,0.0168,0.0,214,9,0,0,11,0,0
1,0,0.0,0.0,447,13,0,0,12,0,0
1,0,0.0535,0.0,406,220,1,0,9,0,1
0,0,0.0,0.0,755,2,0,0,9,0,0
0,0,0.0267,0.0,484,5,0,0,10,0,0
0,0,0.0346,0.0,212,0,0,1,8,0,1
0,0,0.0245,0.0,220,1,0,0,11,0,0
0,0,0.0,0.0,201,30,0,1,9,1,0
0,0,0.008,0.0,313,12,0,0,10,0,0
0,0,0.0159,0.0,0,4,0,0,11,0,0
0,0,0.016,0.0,633,20,0,0,9,0,0
0,0,0.0,0.0,753,1,0,0,10,0,0
0,0,0.0351,0.0,373,0,0,0,10,0,0
0,0,0.0294,0.0,127,9,0,0,10,1,0
0,0,0.0053,3.0,217,67,1,0,8,0,1
0,0,0.0374,0.0,308,304,1,0,11,1,1
0,0,0.0,0.0,376,18,1,0,8,1,0
0,0,0.0161,0.0,259,64,1,0,11,1,1
1,0,0.0053,4.0,0,37,1,0,11,0,0
0,0,0.0107,0.0,200,10,0,0,11,1,0
1,0,0.0027,8.5,0,87,1,2,10,0,1
1,1,0.4069,0.0,0,0,1,0,8,1,1
0,0,0.0053,1.0,0,7,0,0,11,0,1
0,0,0.0027,0.0,288,12,0,0,10,1,0
0,0,0.0029,0.0,430,0,0,0,12,1,0
0,0,0.0,0.0,197,0,0,0,8,0,0
0,0,0.0053,0.0,441,12,0,0,9,1,0
0,0,0.0,0.0,390,0,0,0,9,1,0
1,0,0.0407,7.0,76,266,0,0,10,0,1
1,0,0.0495,0.0,34,65,0,0,13,0,1
0,0,0.0,0.0,346,9,0,0,11,1,0
0,0,0.0,0.0,574,0,0,0,10,0,0
1,0,0.008,0.0,155,24,0,0,8,1,1
0,0,0.0027,0.0,0,0,0,0,10,0,0
1,0,0.0926,0.0,0,3,1,0,11,0,0
1,0,0.0,0.0,403,233,1,0,10,1,0
1,0,0.0058,0.0,389,12,0,0,12,1,0
0,0,0.0691,0.0,0,0,1,0,10,0,0
0,0,0.0,0.0,0,18,1,0,11,0,0
0,0,0.0026,0.0,0,3,0,0,11,0,0
0,0,0.0,0.0,0,13,1,0,9,0,0
1,0,0.0508,8.0,329,191,1,0,10,1,1
1,0,0.016,3.0,194,455,0,0,8,1,1
0,0,0.0027,1.0,0,7,1,0,9,0,0
0,0,0.0,0.0,257,3,0,0,8,1,0
0,0,0.0029,0.0,393,28,1,0,12,1,0
0,0,0.064,0.0,291,91,0,0,11,1,1
1,0,0.0219,8.5,0,83,0,0,11,0,0
0,0,0.0,0.0,372,29,0,0,10,1,0
1,0,0.0802,0.0,499,0,1,0,11,0,0
1,0,0.0941,0.0,354,58,1,0,10,1,1
0,0,0.0,0.0,570,1,0,0,9,0,0
0,0,0.0107,0.0,690,171,0,0,10,0,1
0,0,0.0,0.0,231,0,0,0,10,0,0
0,0,0.0,0.0,546,24,0,0,9,0,0
0,0,0.0213,2.0,0,38,1,0,10,0,0
0,0,0.0702,0.0,52,19,0,0,13,1,1
0,0,0.0,0.0,630,21,0,0,12,1,1
0,0,0.0,0.0,526,3,0,0,10,1,1
0,0,0.008,0.0,394,2,0,0,8,0,0
0,0,0.0,0.0,330,0,0,0,13,0,0
0,0,0.0452,0.0,0,2,1,0,10,0,0
0,0,0.0,0.0,366,0,0,0,10,0,1
1,0,0.0053,0.0,218,0,1,0,8,0,0
1,0,0.0508,0.0,0,0,1,0,10,0,1
0,0,0.0027,0.0,296,3,1,0,8,1,1
1,0,0.1096,0.0,284,143,0,0,11,0,1
0,0,0.0,0.0,590,0,0,0,9,1,0
0,0,0.0,0.0,308,18,0,2,8,1,0
0,0,0.0,0.0,113,0,0,0,11,1,0
0,0,0.0106,0.0,181,3,0,0,8,0,1
1,0,0.0401,0.0,749,0,1,2,10,0,0
0,0,0.0132,0.0,0,0,0,0,13,0,0
0,0,0.0107,0.0,209,0,0,0,10,1,0
0,0,0.0159,0.0,0,1,1,1,11,0,1
0,0,0.0053,0.0,701,0,0,1,9,1,1
0,0,0.0321,5.0,583,28,1,1,9,1,1
0,0,0.0053,0.0,100,20,0,0,11,1,0
0,0,0.0079,0.0,0,0,0,0,13,0,0
0,0,0.0058,0.0,269,1,0,0,8,1,0
0,0,0.0185,4.5,0,56,1,0,11,0,1
0,0,0.0,0.0,133,0,0,0,11,1,0
0,0,0.0479,0.0,244,10,0,0,8,1,0
1,0,0.0318,0.0,558,23,1,0,12,0,0
1,0,0.0851,0.0,0,0,1,0,10,0,0
0,0,0.0273,0.0,61,1,0,0,13,0,0
0,0,0.0027,0.0,732,0,0,0,11,0,0
0,0,0.0,0.0,206,2,0,0,8,1,0
0,0,0.0027,0.0,175,11,0,0,8,1,0
0,0,0.0,0.0,194,48,0,0,10,1,0
0,0,0.008,0.0,549,27,0,1,9,0,0
0,0,0.008,0.0,171,8,0,0,11,1,0
0,0,0.0134,0.0,683,2,0,0,9,0,0
0,0,0.0106,0.0,0,1,0,0,13,0,1
0,0,0.0029,0.0,352,0,0,0,10,0,0
0,0,0.0481,0.0,257,9,0,0,10,0,0
0,0,0.0132,1.0,0,104,0,0,8,0,0
1,0,0.0428,0.0,570,9,0,0,12,0,1
0,0,0.0,0.0,440,0,0,0,10,1,0
0,0,0.0053,0.0,406,517,1,1,9,1,1
0,0,0.0085,0.0,85,0,0,0,11,0,1
1,0,0.139,3.0,39,60,0,0,13,1,0
0,0,0.0294,0.0,289,7,1,0,8,0,0
0,0,0.0116,0.0,639,0,0,0,12,0,0
0,0,0.0027,0.0,658,1,0,0,11,1,0
0,0,0.0,0.0,58,1,0,0,11,1,0
0,0,0.0,0.0,0,46,1,0,8,0,0
0,0,0.0,0.0,338,27,1,0,8,0,1
0,0,0.0,0.0,232,0,0,1,8,1,0
0,0,0.0405,0.0,391,18,1,1,8,0,0
0,0,0.0,0.0,159,14,1,1,7,0,0
0,0,0.0027,0.0,162,29,0,0,11,0,0
0,0,0.0,0.0,419,7,0,0,12,1,0
0,0,0.0,0.0,0,2,1,0,8,0,0
0,0,0.0161,0.0,274,28,1,0,11,1,1
0,0,0.0374,0.0,563,26,0,0,9,0,1
0,0,0.0,10.0,0,50,1,0,10,0,1
0,0,0.0,0.0,455,1,0,0,10,0,0
0,0,0.0294,0.0,596,1,1,0,9,0,0
0,0,0.0053,0.0,0,1,1,1,8,0,0
0,0,0.0,0.0,222,46,0,0,9,1,0
0,0,0.0,0.0,688,2,0,0,9,1,1
0,0,0.0026,0.0,0,40,0,0,11,0,1
0,0,0.0108,0.0,45,0,0,0,13,1,0
0,0,0.0026,0.0,0,19,1,0,11,0,0
0,0,0.0133,0.0,0,0,0,0,10,0,0
1,0,0.115,0.0,209,274,0,0,11,1,1
0,0,0.0109,0.0,76,13,0,0,13,1,1
0,0,0.008,0.0,0,2,0,0,9,0,1
0,0,0.0119,0.0,215,9,0,0,11,0,0
1,0,0.2064,0.0,218,496,0,0,11,1,1
0,0,0.016,0.0,434,176,1,0,10,1,0
0,0,0.016,0.0,0,1,0,0,10,0,0
0,0,0.0,0.0,283,57,0,0,10,1,0
0,0,0.0,0.0,256,0,0,1,8,1,0
0,0,0.0163,0.0,304,0,0,0,13,1,0
0,0,0.0,0.0,486,1,0,0,10,1,0
0,0,0.0,0.0,581,0,0,0,9,1,0
0,0,0.0053,0.0,0,9,1,1,8,0,1
0,0,0.0,0.0,152,0,0,0,11,1,0
0,0,0.0,0.0,765,0,0,1,10,1,0
1,0,0.0186,3.0,0,0,0,0,13,0,1
1,0,0.0559,0.0,0,25,1,0,10,0,1
0,0,0.0,0.0,205,14,0,0,9,1,0
0,0,0.0,0.0,120,9,0,0,11,1,0
0,0,0.0,0.0,681,11,0,0,11,1,0
0,0,0.0,0.0,538,9,0,0,12,0,0
1,0,0.0214,0.0,316,87,0,2,9,1,1
0,0,0.0053,0.0,304,3,1,0,8,0,0
0,0,0.0,0.0,0,7,0,0,8,0,0
1,0,0.0535,3.5,197,677,0,0,10,1,0
0,0,0.0107,0.0,640,3,0,0,10,1,0
0,0,0.0,0.0,92,0,1,0,9,0,1
0,0,0.0,0.0,556,2,0,0,9,1,0
0,0,0.0321,0.0,257,0,1,0,11,0,0
0,0,0.0053,0.0,594,0,0,0,10,0,0
0,0,0.0,0.0,643,4,0,0,9,1,0
0,0,0.0,0.0,412,0,1,0,10,0,0
0,0,0.0,0.0,229,0,1,1,10,0,0
1,0,0.1872,0.0,581,28,0,1,9,0,0
0,0,0.0,0.0,0,1,0,0,13,0,1
0,0,0.0,0.0,329,2,0,0,9,1,0
0,0,0.0,0.0,251,30,0,0,8,1,0
0,0,0.0053,0.0,626,0,0,0,10,0,0
1,0,0.0214,0.0,312,25,1,0,10,0,0
0,0,0.025,0.0,270,30,1,0,8,0,1
1,0,0.1471,4.5,316,275,1,1,10,1,1
0,0,0.0,0.0,452,0,0,0,10,1,0
1,0,0.0187,0.0,104,3,0,0,11,1,0
0,0,0.0,0.0,738,4,0,0,10,1,0
0,0,0.0,0.0,0,19,1,0,9,0,1
0,0,0.0775,0.0,549,90,1,0,10,0,1
1,0,0.1016,0.0,165,27,1,1,11,1,1
0,0,0.0,0.0,271,29,1,0,10,1,0
0,0,0.0053,0.0,179,1,0,0,11,0,0
0,0,0.0421,0.0,0,4,1,0,8,0,0
0,0,0.008,0.0,235,1,1,0,8,1,0
0,0,0.0,0.0,284,0,0,0,8,0,0
0,0,0.0,0.0,690,1,0,0,12,0,0
0,0,0.0106,0.0,0,0,0,0,13,0,0
0,0,0.016,0.0,684,1,0,0,9,1,1
0,0,0.0027,0.0,369,0,0,0,8,1,1
0,0,0.0053,0.0,421,15,0,0,10,1,1
0,0,0.0053,1.0,575,344,1,0,10,1,0
0,0,0.0,0.0,0,7,0,0,10,0,0
0,0,0.0565,0.0,214,57,0,0,13,0,0
0,0,0.0053,0.0,513,0,0,0,10,0,0
0,0,0.0,0.0,490,6,0,0,8,1,0
1,0,0.0239,0.0,0,1,0,0,13,0,0
1,0,0.0059,0.0,0,3,1,0,12,0,0
1,0,0.3529,0.0,103,57,1,2,10,1,0
0,0,0.0,0.0,0,4,1,0,10,0,1
1,0,0.1524,0.0,451,283,1,0,11,0,1
0,0,0.0107,0.0,134,0,0,0,11,1,0
0,0,0.0,0.0,358,30,0,0,9,1,0
0,0,0.0532,0.0,0,0,0,0,10,0,1
0,0,0.0053,0.0,452,1,0,0,9,1,0
0,0,0.0,0.0,804,0,0,0,9,1,0
0,0,0.006,0.0,203,0,0,0,8,0,0
0,0,0.0027,0.0,289,0,0,0,10,1,1
1,0,0.06,0.0,108,231,0,0,9,1,0
0,0,0.0,0.0,110,43,0,0,11,1,0
0,0,0.0,0.0,600,0,0,0,9,0,0
0,0,0.0053,0.0,0,5,1,0,10,0,0
